;0,00;0,01;0,02;0,03;0,04;0,05;0,06;0,07;0,08;0,09;0,10;0,11;0,12;0,13;0,14;0,15;0,16;0,17;0,18;0,19;0,20;0,21;0,22;0,23;0,24;0,25;0,26;0,27;0,28;0,29;0,30;0,31;0,32;0,33;0,34;0,35;0,36;0,37;0,38;0,39;0,40;0,41;0,42;0,43;0,44;0,45;0,46;0,47;0,48;0,49;0,50;0,51;0,52;0,53;0,54;0,55;0,56;0,57;0,58;0,59;0,60;0,61;0,62;0,63;0,64;0,65;0,66;0,67;0,68;0,69;0,70;0,71;0,72;0,73;0,74;0,75;0,76;0,77;0,78;0,79;0,80;0,81;0,82;0,83;0,84;0,85;0,86;0,87;0,88;0,89;0,90;0,91;0,92;0,93;0,94;0,95;0,96;0,97;0,98;0,99;1,00;1,01;
0,00;-468,80;-426,40;-346,00;-358,40;-404,40;-409,60;-314,40;-303,60;-329,60;-304,80;-241,20;-268,80;-223,60;-278,80;-225,60;-196,00;-200,40;-262,80;-251,20;-200,40;-235,20;-216,40;-189,60;-170,40;-164,00;-134,80;-200,40;-199,20;-178,40;-153,60;-154,40;-132,80;-156,80;-131,60;-82,00;-124,80;-108,80;-93,20;-110,80;-112,80;-72,40;-117,60;-127,20;-122,00;-92,40;-108,00;-97,20;-86,00;-79,60;-98,00;-48,40;-61,20;-79,20;-62,00;-72,80;-111,20;-92,00;-72,40;-60,80;-54,80;-54,00;-53,20;-53,60;-62,00;-45,60;-61,60;-60,40;-53,60;-60,00;-54,40;-41,20;-42,80;-44,80;-50,80;-37,60;-25,60;-42,80;-39,60;-32,80;-34,40;-34,80;-34,40;-34,00;-23,20;-38,40;-36,00;-28,00;-17,60;-42,40;-20,40;-32,40;-30,80;-14,40;-16,00;-27,00;-7,40;-25,20;-12,40;-39,60;-24,80;-16,80;-20,80;
0,01;-30,40;-27,60;-24,40;-22,00;-27,20;-26,40;-16,00;-18,80;-16,40;-20,80;-14,00;-12,00;-15,60;-8,00;-15,20;-12,40;-11,20;-11,20;-12,40;-4,40;-8,80;-6,20;-3,40;-2,00;-4,00;-4,00;0,20;-4,40;-6,00;-5,60;-1,80;-3,80;-2,80;-1,00;-2,40;-1,20;1,20;-1,00;0,80;1,00;-0,20;-0,20;0,00;0,40;0,40;1,40;2,80;-1,80;0,00;3,20;2,00;1,40;1,60;3,00;3,20;1,40;3,20;1,80;3,00;3,40;3,40;2,60;3,20;3,40;2,60;3,00;2,20;2,60;3,00;3,20;2,80;3,40;3,20;3,00;2,80;3,20;3,40;3,60;3,60;3,40;3,60;3,00;3,00;3,40;3,40;3,40;3,00;3,60;3,20;3,60;3,40;3,40;3,20;3,20;3,40;3,20;3,60;3,20;3,00;3,00;3,40;3,60;
0,02;-42,40;-41,60;-35,20;-50,80;-36,00;-40,00;-39,20;-24,00;-30,80;-28,40;-35,60;-24,00;-25,60;-27,20;-28,80;-15,20;-25,20;-20,00;-17,60;-22,40;-17,20;-18,80;-22,40;-22,00;-19,20;-9,60;-24,00;-17,20;-19,20;-16,80;-18,40;-14,40;-16,40;-10,80;-10,40;-8,80;-6,80;-7,60;-22,00;-12,40;-12,40;-8,00;-8,40;-10,00;-12,80;-6,00;-8,00;-13,20;-9,20;-13,60;-9,20;-6,80;-11,20;-10,80;-6,80;-6,00;-4,40;-5,20;-9,20;-8,00;-4,40;-5,20;-9,60;-7,20;-6,00;-4,00;-6,60;-7,20;-7,60;-3,20;-4,00;-3,60;-3,40;-2,80;-5,00;-4,40;-2,20;-1,60;-6,40;-4,00;-2,60;-0,20;-5,20;-0,40;-2,00;-2,40;-4,00;-6,40;-2,80;0,20;-4,60;-2,80;-5,60;-1,60;-1,80;-2,40;-2,00;-0,40;-1,20;-1,00;0,80;0,40;
0,03;-78,40;-55,60;-46,00;-54,00;-66,80;-65,20;-50,80;-73,60;-52,80;-64,40;-59,20;-54,00;-54,80;-46,00;-42,00;-54,40;-47,20;-43,20;-52,40;-40,00;-51,60;-42,40;-47,20;-54,40;-39,20;-43,60;-47,20;-42,00;-40,40;-35,20;-47,60;-41,60;-39,20;-38,00;-30,80;-36,00;-44,00;-24,80;-33,20;-34,40;-30,00;-35,60;-32,40;-32,00;-30,40;-30,80;-26,00;-30,40;-28,40;-31,60;-30,00;-29,60;-26,80;-22,80;-20,80;-26,80;-35,20;-19,20;-26,40;-29,60;-27,20;-26,80;-30,40;-24,00;-18,80;-25,60;-23,60;-31,60;-27,20;-26,80;-17,20;-27,60;-15,20;-22,00;-21,20;-23,20;-20,80;-24,80;-18,40;-23,20;-21,20;-19,60;-22,00;-18,00;-12,40;-22,40;-17,20;-26,00;-17,20;-18,80;-16,00;-12,40;-20,40;-17,60;-24,40;-19,60;-19,20;-18,80;-17,20;-9,60;-13,60;-17,20;
0,04;-93,60;-110,00;-82,00;-89,60;-68,40;-86,00;-86,00;-75,60;-87,60;-84,40;-82,80;-90,40;-86,80;-82,00;-79,60;-80,40;-58,80;-70,00;-60,80;-65,60;-79,60;-75,60;-81,20;-67,60;-62,00;-71,20;-75,60;-60,80;-60,40;-63,60;-77,20;-71,60;-61,60;-75,20;-53,60;-63,60;-62,80;-55,20;-59,60;-56,80;-52,80;-49,20;-68,40;-44,80;-63,60;-47,20;-52,40;-52,40;-54,80;-42,40;-69,20;-59,20;-50,80;-50,00;-52,40;-48,80;-56,40;-52,80;-44,80;-41,20;-37,60;-40,80;-51,20;-51,60;-44,80;-50,80;-46,40;-39,20;-39,20;-51,60;-42,00;-52,40;-49,60;-52,00;-32,80;-42,80;-38,00;-42,00;-54,80;-39,20;-47,20;-37,20;-37,20;-43,20;-34,00;-43,60;-38,00;-36,40;-35,60;-44,00;-46,00;-34,80;-38,00;-38,00;-35,20;-31,60;-39,20;-32,00;-46,00;-24,00;-39,20;-35,20;
0,05;-121,60;-94,00;-118,80;-110,40;-124,00;-116,40;-114,80;-89,60;-112,80;-99,20;-115,60;-103,60;-78,00;-117,60;-106,00;-97,60;-102,80;-106,80;-108,00;-90,40;-96,00;-88,40;-102,40;-99,20;-84,40;-68,40;-86,40;-85,60;-87,20;-102,80;-82,40;-80,40;-88,80;-56,40;-83,20;-73,60;-74,40;-80,80;-98,80;-80,40;-79,20;-72,00;-97,20;-74,80;-50,00;-66,40;-94,00;-82,00;-82,00;-87,60;-79,20;-82,00;-70,80;-80,80;-75,20;-77,20;-71,20;-62,40;-82,00;-70,00;-77,60;-60,80;-75,20;-83,20;-82,80;-68,80;-77,20;-74,00;-47,60;-80,00;-63,20;-74,80;-62,80;-70,40;-66,80;-76,00;-80,40;-77,60;-73,20;-68,40;-65,60;-77,20;-66,00;-68,40;-54,80;-73,20;-64,80;-66,40;-63,60;-56,00;-49,60;-69,20;-57,20;-66,00;-63,60;-47,20;-71,20;-56,00;-63,60;-62,00;-54,80;-58,00;
0,06;-128,40;-131,60;-146,40;-134,80;-116,40;-132,40;-130,00;-112,80;-122,40;-134,40;-112,00;-119,20;-123,60;-115,60;-117,60;-126,80;-115,20;-130,00;-116,00;-128,00;-125,60;-98,00;-127,60;-114,40;-100,00;-119,20;-123,60;-108,00;-114,40;-100,40;-108,80;-105,60;-108,40;-107,20;-96,00;-110,00;-107,20;-109,20;-90,80;-100,80;-96,40;-110,40;-104,80;-89,60;-87,20;-101,20;-110,00;-106,00;-104,00;-113,20;-110,00;-97,20;-100,00;-88,40;-84,40;-93,60;-103,20;-106,80;-80,80;-99,20;-82,40;-90,00;-82,00;-85,60;-73,60;-92,80;-78,80;-106,80;-97,20;-88,80;-95,20;-88,40;-93,60;-101,20;-88,80;-85,60;-72,40;-92,80;-90,80;-99,60;-103,20;-82,40;-85,60;-85,60;-93,60;-98,00;-88,00;-83,60;-77,20;-76,40;-87,60;-78,00;-102,80;-86,00;-93,20;-83,60;-77,20;-88,40;-86,40;-90,80;-98,80;-78,40;
0,07;-152,00;-142,00;-158,00;-146,40;-137,20;-138,80;-138,40;-163,20;-128,80;-134,40;-139,60;-160,80;-144,80;-136,00;-130,80;-126,80;-131,20;-146,00;-141,20;-142,80;-142,00;-116,40;-128,40;-130,40;-126,40;-118,40;-143,60;-120,40;-125,20;-141,60;-128,80;-104,80;-128,40;-125,60;-122,00;-126,40;-129,20;-126,80;-105,60;-128,00;-123,60;-128,40;-116,80;-121,60;-123,60;-120,00;-117,60;-131,20;-119,20;-103,20;-113,20;-116,80;-110,80;-127,60;-127,20;-124,40;-85,20;-114,00;-113,60;-124,40;-114,40;-115,60;-117,20;-124,00;-112,80;-114,00;-113,60;-126,80;-114,00;-114,40;-117,60;-107,20;-116,00;-102,80;-123,20;-102,40;-117,20;-109,60;-99,20;-107,60;-119,60;-109,20;-107,20;-99,60;-100,40;-102,80;-101,60;-97,20;-104,40;-106,40;-106,00;-92,80;-104,00;-102,00;-90,40;-97,60;-95,20;-92,80;-100,80;-93,60;-110,80;-112,40;
0,08;-167,60;-157,20;-144,40;-156,00;-158,80;-164,00;-156,40;-162,00;-152,00;-162,00;-135,60;-152,40;-178,00;-162,80;-163,20;-161,20;-149,20;-128,40;-156,40;-142,80;-140,40;-157,20;-129,60;-135,20;-134,40;-125,60;-164,80;-149,20;-154,00;-144,40;-149,60;-154,80;-151,60;-133,20;-127,20;-144,40;-136,80;-138,80;-153,20;-151,20;-131,20;-148,40;-137,60;-129,60;-143,20;-132,00;-140,00;-132,00;-113,60;-150,40;-154,00;-143,20;-138,00;-132,40;-141,20;-140,40;-137,60;-143,20;-135,60;-121,60;-151,20;-114,80;-114,80;-134,80;-116,00;-129,60;-116,80;-152,00;-135,60;-118,00;-129,20;-126,40;-111,20;-146,00;-118,00;-137,20;-128,00;-118,00;-123,20;-118,40;-111,60;-124,40;-119,60;-123,20;-133,60;-128,80;-114,80;-114,80;-114,40;-123,60;-118,80;-117,20;-116,80;-129,60;-110,00;-119,20;-126,80;-116,40;-125,60;-104,40;-117,60;-130,00;
0,09;-190,00;-194,80;-181,20;-195,20;-175,60;-174,80;-186,40;-188,00;-174,40;-155,20;-179,20;-145,60;-152,00;-180,00;-182,40;-165,20;-126,80;-180,40;-157,60;-128,00;-148,00;-171,60;-146,00;-165,60;-157,20;-149,20;-170,40;-168,80;-162,00;-143,20;-159,60;-143,20;-178,00;-162,40;-159,20;-174,80;-176,40;-154,40;-177,60;-151,20;-145,20;-150,80;-122,40;-154,00;-158,80;-152,40;-150,00;-145,60;-154,00;-152,00;-138,00;-140,40;-149,60;-132,00;-158,00;-120,80;-128,40;-155,20;-150,80;-140,00;-146,40;-155,20;-118,40;-129,60;-149,60;-150,40;-157,20;-145,20;-116,80;-138,00;-131,20;-131,20;-136,40;-139,60;-147,60;-135,20;-147,60;-140,80;-134,80;-142,00;-158,80;-120,40;-148,00;-152,40;-141,60;-142,80;-130,00;-148,80;-165,60;-140,00;-138,00;-143,20;-138,80;-146,00;-129,60;-130,40;-136,00;-143,20;-121,60;-136,80;-130,80;-116,00;
0,10;-207,20;-157,20;-189,20;-180,40;-169,60;-188,00;-208,40;-178,00;-173,20;-196,00;-184,80;-176,00;-170,40;-179,20;-192,40;-160,00;-175,20;-164,80;-148,80;-198,80;-189,60;-191,20;-164,80;-167,20;-190,00;-172,40;-171,20;-163,60;-189,20;-153,60;-168,40;-167,60;-164,40;-174,00;-161,20;-172,00;-182,00;-165,60;-168,00;-148,80;-177,60;-181,60;-179,60;-188,00;-174,80;-169,60;-163,60;-151,60;-163,20;-164,40;-171,60;-163,20;-162,80;-149,20;-166,80;-158,00;-132,80;-146,80;-138,00;-146,40;-178,80;-150,40;-151,20;-150,00;-160,00;-130,40;-168,40;-171,20;-151,20;-148,40;-150,40;-161,60;-156,80;-148,80;-151,20;-164,40;-136,80;-165,60;-149,60;-150,40;-164,40;-166,00;-139,60;-157,60;-158,40;-139,20;-165,20;-162,00;-129,60;-147,20;-158,80;-146,00;-166,40;-140,00;-156,00;-148,40;-162,00;-143,60;-164,00;-146,00;-145,60;-146,40;
0,11;-187,60;-193,60;-184,80;-224,80;-200,40;-195,60;-183,20;-189,60;-178,80;-184,40;-202,00;-192,40;-178,40;-188,80;-166,00;-165,60;-176,80;-198,40;-195,20;-206,00;-203,60;-198,80;-192,80;-178,80;-183,20;-182,40;-166,00;-190,80;-152,00;-180,80;-191,20;-172,40;-172,80;-190,40;-177,20;-181,20;-176,80;-181,20;-164,00;-161,20;-174,00;-174,80;-170,40;-174,80;-181,60;-168,40;-152,80;-170,40;-162,40;-168,00;-194,00;-145,20;-185,20;-169,60;-173,60;-180,80;-181,20;-163,60;-174,80;-183,60;-170,40;-165,20;-164,40;-168,00;-174,80;-149,20;-172,40;-178,80;-170,40;-172,40;-168,80;-179,20;-148,40;-152,40;-153,20;-146,00;-158,80;-165,60;-174,00;-176,40;-164,80;-178,00;-171,60;-173,20;-167,20;-167,20;-158,00;-154,80;-161,20;-166,40;-172,00;-160,00;-160,80;-183,60;-162,80;-142,80;-159,20;-150,40;-140,80;-168,80;-154,80;-159,60;
0,12;-203,60;-194,40;-167,60;-192,80;-219,20;-198,40;-194,00;-202,40;-196,80;-202,80;-192,00;-190,40;-204,00;-163,60;-195,20;-188,00;-156,40;-197,20;-200,40;-197,60;-196,00;-207,20;-185,20;-211,60;-192,40;-180,80;-185,20;-196,80;-208,80;-181,60;-194,00;-171,60;-194,00;-185,20;-194,40;-193,60;-183,20;-170,40;-204,80;-185,20;-165,20;-183,60;-180,80;-184,40;-180,00;-173,20;-177,20;-179,20;-172,40;-199,60;-180,80;-182,40;-174,00;-169,60;-172,80;-178,00;-180,80;-183,20;-186,80;-196,80;-182,00;-186,80;-191,60;-184,40;-180,00;-183,20;-170,80;-177,60;-189,60;-186,00;-208,40;-170,80;-179,60;-182,40;-151,60;-179,60;-177,60;-192,40;-199,20;-186,00;-161,20;-182,00;-188,80;-181,60;-168,40;-173,20;-163,60;-179,60;-169,20;-156,40;-186,80;-179,60;-179,20;-160,00;-160,00;-167,60;-178,00;-173,20;-191,20;-172,80;-176,80;-175,60;
0,13;-198,00;-198,00;-169,20;-220,00;-230,00;-236,00;-196,40;-211,60;-197,20;-186,00;-221,60;-221,20;-205,20;-210,80;-180,80;-182,00;-190,00;-204,80;-206,80;-181,20;-206,40;-216,40;-192,40;-219,20;-177,60;-199,60;-202,00;-204,80;-206,40;-196,00;-184,80;-192,40;-204,00;-178,80;-209,60;-216,00;-202,40;-193,60;-192,40;-196,40;-200,40;-167,20;-177,20;-164,00;-181,60;-197,60;-208,80;-187,20;-192,00;-179,20;-171,20;-197,20;-179,60;-208,40;-193,60;-188,80;-174,80;-197,60;-186,80;-179,60;-196,00;-202,00;-182,00;-211,60;-191,20;-189,20;-189,60;-185,20;-177,20;-182,00;-188,80;-214,80;-195,20;-152,80;-179,60;-208,80;-206,40;-213,60;-190,40;-186,80;-186,00;-161,20;-190,40;-179,60;-192,00;-195,60;-200,40;-169,20;-183,20;-188,00;-176,80;-164,00;-162,80;-183,20;-179,60;-178,40;-157,60;-192,80;-192,80;-172,80;-197,20;-192,40;
0,14;-192,00;-220,80;-206,00;-211,60;-235,20;-218,80;-216,40;-221,20;-223,20;-233,20;-210,80;-214,80;-227,20;-222,00;-222,40;-187,60;-225,20;-189,20;-204,40;-196,80;-182,80;-194,40;-228,40;-222,40;-201,20;-176,00;-210,00;-212,80;-207,20;-206,40;-214,40;-213,60;-204,00;-226,00;-206,80;-209,20;-189,60;-216,00;-189,20;-206,00;-186,00;-210,00;-209,60;-201,60;-221,20;-198,40;-181,60;-215,60;-222,80;-192,80;-198,40;-158,40;-197,60;-209,60;-198,80;-204,80;-195,20;-189,60;-210,40;-173,20;-196,40;-208,80;-203,60;-208,80;-192,00;-197,20;-199,20;-181,20;-185,20;-201,20;-190,40;-206,40;-202,80;-200,00;-194,40;-217,60;-209,20;-192,00;-200,00;-206,80;-198,40;-169,20;-204,80;-192,80;-182,40;-217,60;-190,00;-201,20;-180,40;-200,40;-204,00;-209,60;-185,60;-184,80;-204,40;-200,40;-193,60;-198,40;-184,80;-207,60;-173,60;-180,40;
0,15;-208,80;-221,20;-219,20;-205,60;-246,00;-229,60;-194,80;-224,40;-203,60;-224,00;-218,80;-241,20;-200,80;-236,40;-198,00;-235,20;-226,40;-224,00;-195,60;-208,40;-195,60;-220,80;-206,40;-193,60;-204,00;-245,20;-231,20;-218,40;-196,80;-213,60;-206,40;-199,60;-234,80;-213,20;-212,80;-208,40;-228,00;-212,40;-218,80;-213,20;-224,80;-233,60;-202,00;-220,00;-226,80;-213,20;-196,40;-206,00;-204,80;-210,40;-210,40;-206,00;-224,80;-199,60;-222,40;-228,00;-204,40;-216,00;-197,20;-209,60;-204,40;-217,60;-208,00;-178,40;-188,40;-216,00;-187,60;-213,20;-208,80;-223,20;-179,20;-187,20;-211,60;-192,80;-190,40;-202,40;-211,60;-212,00;-218,80;-222,80;-217,60;-217,20;-173,60;-205,60;-199,60;-192,80;-170,40;-200,40;-179,20;-189,60;-194,00;-177,20;-184,00;-173,60;-223,60;-219,20;-180,00;-174,40;-176,40;-215,60;-186,80;-175,20;
0,16;-210,40;-231,60;-195,60;-245,20;-231,60;-222,80;-200,80;-212,80;-227,20;-236,00;-200,40;-237,20;-231,20;-219,60;-234,40;-213,20;-210,40;-193,20;-192,80;-207,60;-224,80;-230,80;-212,80;-236,40;-222,80;-228,00;-210,00;-209,60;-242,40;-222,80;-223,60;-218,40;-226,80;-212,80;-200,00;-225,60;-198,80;-208,40;-234,80;-208,40;-218,40;-212,00;-244,80;-228,80;-188,40;-238,40;-218,40;-196,40;-192,80;-219,20;-233,20;-236,40;-226,40;-215,20;-225,60;-228,00;-214,40;-223,60;-200,80;-223,60;-216,40;-208,40;-214,40;-202,00;-202,80;-234,00;-207,20;-199,20;-217,60;-216,40;-222,80;-201,20;-206,40;-211,60;-222,00;-200,00;-234,80;-216,40;-222,80;-240,40;-203,20;-211,20;-203,60;-207,20;-245,60;-192,40;-231,20;-230,40;-192,00;-196,00;-196,00;-211,60;-200,40;-176,80;-215,60;-199,20;-220,80;-184,00;-182,00;-200,00;-222,40;-197,20;
0,17;-212,40;-256,80;-218,00;-209,60;-229,20;-215,20;-214,80;-228,00;-222,00;-238,00;-247,60;-228,80;-240,00;-209,20;-239,20;-231,60;-225,20;-231,60;-216,80;-244,00;-215,60;-220,00;-226,40;-239,60;-226,80;-205,20;-211,60;-219,20;-230,00;-216,40;-224,40;-249,20;-216,80;-223,60;-240,00;-231,60;-213,20;-242,40;-208,00;-242,00;-239,20;-200,00;-217,20;-229,60;-235,20;-206,40;-225,20;-199,60;-222,80;-209,60;-213,20;-216,80;-216,80;-218,80;-206,00;-197,20;-220,40;-199,20;-211,60;-243,60;-194,40;-226,40;-238,00;-206,00;-189,60;-203,20;-214,80;-223,20;-216,40;-188,80;-201,60;-220,40;-215,20;-232,40;-207,60;-213,20;-220,80;-214,80;-211,60;-214,00;-205,20;-216,00;-197,20;-240,80;-202,40;-219,60;-232,40;-186,80;-222,80;-220,40;-212,00;-190,00;-198,80;-231,60;-216,00;-216,80;-220,00;-207,60;-183,20;-216,40;-219,20;-206,80;
0,18;-233,20;-256,00;-224,80;-224,40;-213,60;-232,40;-239,60;-241,60;-249,60;-249,60;-220,80;-204,80;-198,80;-219,20;-242,40;-244,80;-261,20;-241,60;-228,00;-191,20;-214,40;-254,00;-222,00;-241,20;-217,60;-234,80;-230,00;-241,60;-244,00;-211,60;-235,60;-214,40;-236,80;-217,60;-218,40;-214,80;-200,00;-221,20;-234,00;-221,60;-205,20;-235,20;-220,00;-241,60;-246,40;-236,40;-241,60;-224,00;-224,40;-237,20;-227,60;-209,20;-237,20;-224,80;-224,80;-201,60;-212,80;-215,20;-234,80;-229,60;-217,60;-222,40;-215,20;-223,20;-202,80;-214,40;-229,60;-226,00;-217,20;-209,20;-221,60;-225,60;-220,40;-228,40;-223,20;-244,40;-228,00;-245,60;-225,20;-244,40;-219,20;-215,20;-233,20;-203,60;-221,60;-218,00;-210,00;-211,20;-210,00;-220,80;-228,00;-220,80;-207,20;-236,40;-204,40;-222,40;-216,80;-211,60;-224,40;-227,20;-239,60;-193,60;
0,19;-225,20;-236,40;-233,60;-234,80;-248,00;-243,20;-228,80;-248,00;-232,80;-244,40;-226,00;-221,20;-270,40;-236,80;-259,60;-211,20;-227,60;-228,80;-214,80;-232,80;-233,60;-240,00;-234,40;-224,00;-245,60;-246,00;-244,80;-231,60;-217,60;-222,40;-235,20;-209,20;-247,20;-233,20;-239,20;-232,00;-207,60;-228,80;-219,60;-242,00;-208,40;-258,80;-260,40;-210,00;-249,20;-210,80;-233,20;-250,00;-234,40;-201,20;-238,80;-218,80;-192,40;-247,60;-220,80;-227,20;-223,60;-226,80;-231,60;-229,60;-199,60;-225,60;-230,00;-240,00;-238,00;-235,60;-226,80;-228,00;-241,60;-220,40;-224,80;-233,20;-234,00;-208,80;-213,20;-225,60;-226,80;-232,80;-250,40;-225,60;-211,20;-220,40;-225,20;-223,20;-250,80;-228,40;-216,40;-215,20;-210,00;-221,60;-211,20;-224,00;-246,00;-230,40;-257,20;-208,00;-242,40;-216,00;-214,40;-241,20;-219,60;-242,00;
0,20;-227,60;-206,00;-251,60;-258,80;-245,20;-235,60;-249,20;-256,80;-240,40;-255,60;-247,60;-231,60;-242,80;-243,60;-238,80;-262,40;-223,60;-223,60;-239,60;-210,80;-245,20;-258,00;-246,40;-254,40;-239,60;-262,80;-248,00;-216,40;-205,20;-238,00;-238,40;-244,00;-229,60;-216,00;-232,00;-253,20;-197,60;-235,60;-230,00;-241,20;-253,60;-229,60;-228,00;-226,40;-246,80;-237,20;-237,60;-215,60;-252,40;-226,40;-219,60;-246,00;-249,20;-236,40;-220,80;-256,80;-204,40;-233,20;-230,40;-235,20;-219,60;-240,40;-237,20;-226,00;-228,00;-251,60;-229,60;-230,00;-253,20;-235,20;-229,20;-249,20;-251,60;-239,20;-211,20;-236,00;-225,20;-243,60;-239,60;-241,20;-224,40;-189,20;-224,40;-230,40;-238,00;-218,00;-258,40;-258,00;-233,20;-228,80;-228,00;-243,60;-210,00;-221,60;-265,60;-242,00;-222,40;-252,80;-210,00;-243,60;-212,80;-227,20;
0,21;-243,60;-270,00;-272,80;-230,00;-215,60;-246,80;-234,80;-257,60;-243,60;-251,20;-222,00;-213,60;-257,60;-258,80;-247,20;-240,40;-234,00;-242,40;-265,60;-263,20;-252,40;-224,80;-248,80;-243,20;-252,40;-230,00;-257,20;-246,80;-230,00;-234,00;-248,80;-231,60;-254,40;-246,40;-224,40;-242,80;-240,40;-246,40;-214,40;-235,60;-232,00;-232,00;-250,00;-232,80;-249,20;-238,00;-240,00;-254,80;-262,80;-234,80;-256,00;-233,60;-238,40;-254,80;-247,20;-223,20;-240,40;-241,60;-218,00;-222,40;-243,60;-220,00;-246,40;-235,20;-228,80;-233,20;-218,00;-218,80;-210,80;-223,20;-220,40;-220,80;-236,80;-242,40;-206,00;-232,00;-232,80;-237,20;-229,20;-241,60;-245,60;-235,60;-231,60;-245,60;-214,40;-229,20;-235,60;-232,00;-228,40;-230,40;-208,80;-234,00;-229,60;-246,00;-246,40;-220,80;-222,40;-224,00;-212,40;-209,60;-196,40;-241,20;
0,22;-253,20;-252,00;-258,40;-252,40;-236,40;-258,00;-228,80;-252,00;-250,00;-228,40;-270,00;-235,60;-265,20;-210,80;-216,80;-246,40;-279,20;-249,60;-237,20;-234,40;-226,00;-248,80;-223,20;-239,60;-266,40;-252,80;-266,40;-256,40;-234,40;-260,00;-253,20;-237,20;-264,00;-240,00;-260,80;-235,60;-240,00;-234,80;-238,00;-245,60;-270,00;-261,20;-245,60;-237,20;-232,40;-221,60;-226,00;-255,60;-222,40;-241,60;-244,40;-261,60;-234,80;-237,20;-256,40;-230,40;-247,20;-247,60;-222,80;-225,60;-230,40;-256,40;-216,40;-252,00;-259,60;-248,80;-217,60;-263,60;-244,00;-252,00;-209,60;-224,40;-238,80;-228,00;-234,00;-237,20;-235,20;-263,60;-248,40;-235,20;-235,60;-248,40;-234,00;-240,00;-216,00;-236,40;-248,40;-232,80;-239,20;-234,40;-237,20;-253,60;-246,00;-246,80;-264,40;-234,40;-232,00;-232,00;-235,20;-242,80;-236,80;-230,80;
0,23;-257,20;-251,60;-265,60;-276,00;-264,40;-243,60;-243,60;-236,40;-264,00;-237,60;-242,80;-252,00;-229,20;-258,00;-237,20;-240,00;-254,00;-230,80;-266,80;-248,00;-266,00;-258,40;-237,20;-262,00;-263,20;-257,20;-235,20;-261,60;-228,80;-267,60;-231,20;-243,60;-240,00;-244,40;-253,20;-254,00;-241,20;-258,80;-224,40;-237,60;-245,20;-250,80;-255,60;-242,80;-236,40;-228,00;-268,00;-257,60;-228,40;-246,80;-234,80;-260,00;-261,60;-237,60;-224,40;-257,20;-223,60;-253,20;-256,00;-229,20;-260,00;-232,80;-217,20;-248,00;-267,20;-231,60;-242,80;-244,80;-230,40;-249,20;-244,80;-240,00;-226,40;-242,00;-230,80;-279,60;-220,40;-241,60;-238,80;-233,20;-236,40;-245,20;-245,60;-241,60;-256,00;-249,60;-259,20;-238,40;-235,60;-244,00;-263,20;-230,00;-274,40;-260,40;-252,40;-259,60;-231,20;-264,40;-261,60;-228,00;-250,80;-251,20;
0,24;-252,80;-280,40;-253,60;-269,20;-253,60;-251,20;-260,80;-236,00;-257,20;-272,00;-257,20;-275,60;-266,40;-256,80;-259,60;-251,20;-254,80;-242,00;-281,60;-226,80;-238,40;-249,20;-241,20;-263,20;-252,80;-272,40;-265,20;-274,00;-213,60;-255,20;-234,00;-249,60;-255,20;-231,60;-263,60;-232,80;-244,00;-249,20;-248,40;-236,80;-248,00;-219,20;-232,40;-250,80;-234,80;-237,20;-241,20;-253,60;-242,00;-231,60;-247,60;-251,20;-256,80;-218,00;-238,00;-278,00;-245,20;-253,20;-251,60;-272,00;-253,20;-220,00;-251,60;-252,40;-248,40;-238,80;-251,60;-273,60;-251,20;-261,60;-263,60;-235,60;-252,80;-256,80;-262,00;-276,80;-252,80;-241,60;-250,40;-252,00;-293,60;-262,40;-236,00;-261,20;-268,40;-229,20;-243,60;-237,60;-257,60;-254,00;-254,40;-246,00;-243,60;-248,40;-251,20;-225,20;-261,20;-260,00;-272,40;-258,40;-256,80;-249,20;
0,25;-266,40;-261,20;-258,40;-266,80;-263,60;-244,00;-252,00;-237,20;-256,80;-268,80;-231,60;-244,40;-257,20;-241,20;-240,80;-236,00;-224,40;-262,80;-252,00;-229,20;-264,80;-238,80;-255,20;-288,00;-247,60;-230,00;-254,40;-254,40;-244,00;-270,80;-260,40;-266,40;-233,20;-258,00;-248,80;-254,40;-236,40;-229,20;-274,00;-239,20;-274,40;-249,60;-250,80;-274,00;-263,60;-260,00;-227,60;-241,60;-295,60;-238,80;-252,80;-247,60;-265,60;-258,40;-256,00;-244,80;-223,20;-263,60;-253,60;-248,80;-231,20;-230,00;-246,80;-247,20;-246,40;-260,40;-218,40;-239,20;-267,20;-260,80;-259,20;-256,80;-254,00;-250,80;-240,40;-246,00;-241,20;-252,00;-233,60;-256,80;-264,00;-273,60;-249,20;-260,00;-242,40;-239,20;-269,60;-236,00;-256,40;-252,80;-268,80;-255,60;-241,60;-254,40;-249,20;-239,60;-242,40;-237,60;-260,80;-249,20;-259,20;-226,40;
0,26;-256,80;-267,20;-254,80;-265,20;-204,00;-261,20;-244,80;-251,20;-272,40;-234,40;-296,40;-262,80;-292,40;-241,20;-266,80;-262,80;-243,60;-244,40;-266,80;-266,00;-250,40;-265,60;-257,20;-237,20;-232,40;-255,20;-264,00;-258,00;-265,60;-232,40;-252,40;-243,20;-257,60;-263,60;-248,00;-258,80;-250,80;-277,60;-254,80;-230,80;-266,00;-256,40;-232,00;-268,40;-257,20;-260,40;-282,40;-270,80;-272,40;-252,00;-223,60;-274,80;-242,80;-257,20;-229,20;-263,60;-254,80;-256,80;-226,40;-260,40;-248,40;-274,40;-246,40;-248,40;-260,40;-249,20;-257,60;-254,80;-275,60;-246,40;-272,80;-243,20;-268,00;-238,80;-251,60;-265,20;-254,00;-258,00;-238,80;-264,80;-251,60;-242,80;-251,20;-252,00;-222,00;-275,60;-272,80;-277,20;-242,40;-288,80;-265,20;-228,80;-234,00;-242,00;-250,00;-246,80;-249,20;-242,00;-233,60;-251,60;-252,40;-241,60;
0,27;-255,20;-236,40;-264,00;-266,80;-251,20;-268,00;-274,00;-286,00;-265,60;-217,20;-278,00;-242,80;-235,20;-270,40;-262,40;-230,80;-280,00;-266,40;-271,20;-292,00;-269,60;-254,40;-258,40;-257,60;-243,20;-242,80;-249,60;-245,60;-244,00;-258,80;-262,80;-241,20;-248,40;-261,60;-248,80;-248,80;-260,80;-258,40;-284,00;-248,80;-279,60;-272,00;-271,20;-247,20;-284,40;-263,20;-254,80;-269,60;-251,60;-256,80;-226,00;-261,60;-264,00;-258,00;-236,80;-268,40;-254,80;-255,60;-262,00;-213,20;-232,80;-259,20;-230,00;-246,00;-254,00;-256,40;-250,40;-229,60;-265,20;-271,20;-246,40;-263,60;-273,20;-247,60;-278,80;-261,60;-272,00;-302,00;-251,20;-211,20;-236,00;-260,80;-258,40;-240,80;-258,00;-228,00;-272,40;-256,80;-237,60;-265,20;-262,40;-263,60;-261,60;-265,20;-238,40;-259,20;-228,80;-279,20;-232,00;-229,60;-266,00;-258,00;
0,28;-272,00;-262,00;-252,40;-270,40;-258,80;-272,40;-266,80;-290,40;-268,40;-250,00;-264,00;-251,20;-283,20;-256,40;-272,80;-270,00;-268,00;-225,20;-262,80;-240,00;-254,40;-250,80;-260,80;-223,60;-240,40;-282,80;-271,20;-264,80;-279,20;-256,40;-269,20;-283,20;-266,80;-257,60;-260,40;-283,60;-260,40;-268,40;-268,80;-240,80;-264,80;-256,80;-270,40;-279,20;-274,00;-288,40;-268,00;-252,40;-256,00;-247,20;-274,40;-252,80;-253,20;-237,20;-254,80;-246,80;-252,40;-261,20;-259,60;-264,80;-270,00;-263,20;-280,40;-248,80;-227,20;-245,20;-262,00;-262,00;-250,40;-245,20;-288,40;-272,40;-226,40;-258,80;-259,60;-280,80;-263,60;-274,40;-233,20;-257,20;-267,20;-250,80;-281,20;-278,40;-279,60;-265,60;-246,00;-259,20;-232,00;-271,60;-268,80;-263,60;-258,00;-248,40;-262,00;-272,40;-260,40;-260,00;-256,40;-270,40;-287,60;-242,00;
0,29;-290,00;-272,00;-262,00;-278,40;-250,00;-274,40;-284,80;-268,40;-261,20;-267,60;-276,80;-248,00;-257,20;-239,60;-254,80;-255,20;-246,40;-272,40;-254,80;-272,80;-259,20;-260,40;-292,00;-247,60;-250,00;-231,60;-307,20;-268,00;-279,60;-275,60;-277,20;-286,40;-262,00;-258,40;-244,40;-233,60;-235,60;-258,00;-264,80;-274,00;-249,20;-254,00;-262,40;-294,00;-254,80;-261,60;-278,80;-261,60;-248,40;-252,40;-289,20;-272,80;-260,00;-262,40;-264,00;-252,00;-244,40;-254,40;-260,80;-266,40;-243,20;-236,00;-264,40;-263,60;-290,00;-278,00;-226,40;-266,00;-262,80;-247,60;-278,80;-271,20;-268,80;-284,00;-284,80;-278,80;-215,20;-270,80;-274,00;-254,40;-265,60;-292,00;-248,00;-286,00;-275,20;-267,20;-240,00;-257,60;-267,20;-241,60;-243,20;-274,00;-269,20;-287,20;-276,40;-258,00;-258,80;-277,60;-242,00;-257,60;-259,20;-240,00;
0,30;-287,60;-260,00;-260,80;-293,60;-268,40;-279,60;-284,40;-270,00;-252,00;-265,20;-267,60;-279,60;-250,40;-278,00;-273,20;-258,00;-302,00;-303,20;-285,20;-265,60;-261,20;-259,60;-299,60;-265,20;-282,40;-249,60;-248,80;-283,60;-290,00;-260,00;-266,00;-271,60;-250,80;-268,00;-281,60;-279,20;-258,80;-271,20;-260,80;-278,80;-243,60;-258,80;-256,00;-232,00;-272,40;-270,00;-248,80;-281,20;-264,00;-288,80;-278,40;-264,40;-281,20;-276,40;-264,40;-247,60;-254,80;-249,60;-232,40;-263,20;-270,00;-236,40;-273,60;-265,60;-286,80;-248,00;-290,40;-270,00;-256,40;-256,00;-270,40;-262,80;-238,80;-257,60;-248,80;-270,00;-255,20;-262,80;-256,80;-277,60;-252,80;-256,40;-237,20;-244,80;-252,00;-289,20;-247,20;-245,20;-248,40;-256,80;-263,20;-280,00;-266,80;-286,40;-290,80;-251,60;-260,40;-255,20;-271,60;-263,60;-267,60;-267,60;
0,31;-253,20;-291,20;-266,80;-264,40;-243,60;-295,60;-265,20;-260,00;-280,00;-233,20;-235,60;-284,40;-264,80;-281,20;-270,40;-289,60;-259,60;-279,20;-293,60;-248,40;-260,40;-284,00;-268,00;-265,20;-262,00;-225,60;-278,00;-277,60;-273,60;-274,80;-262,40;-279,20;-268,40;-254,80;-281,20;-260,00;-261,20;-295,20;-270,40;-282,40;-255,20;-276,40;-282,40;-253,60;-268,00;-269,20;-230,40;-275,20;-243,20;-275,60;-276,40;-276,80;-248,80;-285,60;-262,40;-283,60;-272,80;-255,20;-240,80;-244,80;-263,60;-246,40;-278,40;-278,80;-280,80;-230,40;-256,80;-282,40;-285,60;-252,80;-294,80;-268,80;-291,20;-281,60;-258,40;-265,20;-276,80;-215,20;-269,60;-264,00;-278,00;-229,20;-254,80;-284,00;-270,00;-242,40;-274,00;-298,40;-276,40;-255,60;-257,60;-244,40;-266,00;-250,00;-268,40;-263,20;-259,60;-270,40;-245,20;-251,60;-253,60;-295,60;
0,32;-259,60;-247,60;-278,80;-255,20;-259,60;-240,00;-278,00;-276,40;-259,20;-251,60;-286,40;-282,00;-287,60;-238,00;-257,60;-278,80;-240,80;-262,00;-266,00;-269,20;-285,20;-274,80;-305,60;-291,20;-284,80;-286,40;-270,80;-284,80;-299,20;-290,40;-281,60;-249,20;-259,20;-273,20;-271,20;-280,40;-271,20;-269,20;-282,00;-260,00;-250,00;-278,80;-281,60;-264,40;-278,00;-252,00;-305,60;-258,00;-268,00;-276,00;-259,60;-269,60;-262,00;-266,80;-283,20;-262,40;-259,20;-262,80;-265,20;-273,60;-258,80;-249,60;-237,20;-284,00;-255,60;-279,20;-253,20;-286,40;-260,40;-260,80;-262,40;-265,20;-260,80;-277,20;-308,80;-272,40;-275,20;-287,20;-278,00;-246,00;-250,80;-291,20;-273,60;-266,00;-258,80;-234,80;-295,60;-270,80;-282,40;-237,60;-269,60;-249,60;-245,60;-277,60;-248,80;-267,60;-270,80;-248,00;-279,60;-269,60;-230,40;-253,60;
0,33;-270,40;-255,60;-275,60;-237,20;-263,20;-284,00;-255,60;-300,40;-273,20;-296,00;-278,80;-263,60;-241,60;-276,00;-302,40;-252,80;-301,20;-300,00;-269,20;-306,40;-292,00;-303,20;-252,40;-262,00;-268,00;-252,00;-281,60;-270,80;-274,40;-277,20;-268,40;-277,20;-271,20;-287,20;-250,00;-261,20;-270,00;-290,40;-250,00;-278,40;-237,20;-284,40;-294,80;-268,80;-261,20;-272,00;-285,20;-290,00;-309,20;-265,60;-258,00;-276,00;-274,40;-230,80;-260,80;-266,40;-298,00;-282,00;-270,40;-282,00;-251,20;-236,80;-253,60;-252,00;-297,20;-274,80;-258,80;-257,20;-291,60;-272,80;-274,80;-267,20;-268,80;-286,80;-259,60;-278,00;-264,40;-239,20;-289,20;-254,00;-288,40;-273,60;-273,60;-254,80;-277,60;-291,20;-279,20;-271,20;-304,80;-281,60;-271,60;-258,40;-277,20;-282,00;-268,00;-309,60;-267,20;-264,40;-274,80;-278,40;-292,40;-285,60;
0,34;-302,40;-280,00;-294,80;-272,40;-259,20;-277,20;-240,80;-275,60;-282,80;-275,20;-302,80;-246,00;-262,40;-273,20;-298,80;-264,80;-254,40;-281,60;-296,00;-256,80;-268,00;-302,00;-251,20;-278,80;-296,40;-287,20;-257,60;-288,00;-264,80;-210,80;-291,60;-274,40;-277,60;-293,60;-271,60;-284,80;-267,20;-277,60;-265,20;-300,00;-291,60;-292,80;-226,00;-265,20;-304,00;-292,80;-295,60;-257,20;-273,20;-255,20;-276,80;-246,80;-274,40;-245,60;-282,80;-296,00;-260,40;-254,80;-253,60;-288,00;-300,00;-243,60;-266,80;-275,20;-258,80;-219,60;-254,40;-310,00;-274,80;-293,60;-273,60;-240,40;-281,60;-276,80;-255,60;-254,00;-270,00;-303,60;-283,20;-287,60;-279,20;-266,00;-268,40;-283,60;-276,00;-249,20;-267,20;-285,20;-282,00;-285,20;-272,80;-272,80;-272,40;-276,40;-289,20;-279,20;-279,60;-262,80;-282,00;-264,80;-273,60;-262,40;
0,35;-263,20;-312,00;-304,40;-288,00;-267,60;-248,00;-283,60;-261,20;-266,00;-260,80;-248,80;-253,60;-273,20;-272,00;-280,40;-293,60;-274,40;-258,80;-284,40;-284,00;-279,20;-285,20;-289,20;-291,60;-251,20;-272,00;-280,80;-272,40;-274,40;-278,80;-292,00;-299,60;-243,60;-292,40;-313,60;-274,40;-274,80;-287,60;-280,00;-262,00;-272,80;-286,00;-297,60;-278,80;-254,40;-245,60;-234,00;-286,00;-288,00;-273,20;-298,00;-245,60;-261,60;-287,60;-276,80;-284,00;-269,20;-274,40;-271,60;-291,60;-266,80;-282,40;-252,00;-266,40;-289,60;-276,40;-270,80;-256,80;-270,00;-262,00;-264,80;-262,80;-282,80;-270,80;-287,60;-272,00;-254,00;-267,60;-258,80;-286,40;-290,80;-269,60;-293,60;-242,80;-250,80;-271,60;-272,80;-300,80;-290,00;-272,00;-286,00;-275,20;-293,60;-285,20;-231,20;-285,20;-264,00;-287,20;-260,00;-266,40;-280,80;-273,60;
0,36;-264,00;-264,40;-284,40;-285,20;-285,60;-275,20;-305,60;-254,00;-288,40;-288,40;-276,00;-282,00;-276,40;-288,80;-289,20;-296,00;-287,60;-288,00;-286,00;-290,00;-294,40;-270,00;-284,00;-296,00;-299,20;-253,60;-269,20;-276,40;-240,80;-310,80;-281,60;-280,80;-267,20;-296,40;-227,60;-270,00;-264,80;-258,00;-266,40;-244,80;-311,20;-281,60;-283,60;-282,40;-244,80;-264,00;-283,60;-287,20;-257,20;-259,20;-251,60;-269,60;-280,00;-290,40;-228,00;-296,00;-265,60;-286,40;-256,40;-250,40;-274,00;-288,40;-274,40;-309,20;-295,60;-271,60;-291,20;-293,60;-281,20;-290,80;-262,00;-283,20;-292,80;-281,60;-287,20;-289,20;-301,60;-248,40;-289,60;-289,20;-271,60;-241,20;-297,20;-246,80;-250,00;-266,80;-248,40;-274,80;-268,00;-306,00;-285,60;-280,00;-299,60;-282,00;-272,40;-286,00;-271,20;-287,20;-297,60;-255,60;-281,60;-233,60;
0,37;-292,80;-290,40;-280,80;-278,80;-309,20;-293,20;-246,40;-250,00;-298,00;-259,20;-285,60;-271,20;-280,40;-289,20;-272,00;-281,20;-257,20;-285,60;-296,80;-276,00;-264,80;-279,60;-255,60;-277,60;-253,20;-268,40;-265,60;-256,00;-250,80;-305,60;-277,60;-280,80;-281,20;-280,00;-258,00;-282,80;-288,00;-241,60;-293,20;-243,20;-302,00;-304,40;-280,40;-276,40;-278,80;-293,60;-245,60;-268,00;-285,20;-274,40;-287,20;-253,20;-288,80;-280,40;-274,80;-286,00;-270,80;-276,80;-281,20;-280,40;-281,20;-266,40;-255,60;-280,40;-267,60;-264,80;-264,80;-297,60;-290,80;-267,20;-275,60;-276,80;-264,80;-281,60;-270,00;-293,60;-273,20;-252,00;-295,20;-256,80;-270,00;-258,80;-268,80;-281,60;-264,80;-264,00;-301,20;-284,40;-297,60;-287,20;-295,20;-273,60;-260,40;-276,40;-279,60;-277,20;-283,20;-266,00;-262,40;-261,20;-254,40;-278,00;
0,38;-276,00;-269,60;-272,00;-296,80;-300,80;-282,40;-286,00;-278,00;-286,00;-277,60;-290,00;-282,40;-276,80;-281,60;-269,60;-254,00;-278,00;-276,00;-288,80;-293,20;-278,00;-292,00;-250,80;-259,60;-267,20;-262,00;-283,20;-292,80;-260,80;-248,00;-297,60;-273,60;-295,20;-303,60;-268,00;-263,20;-262,00;-252,00;-271,20;-302,00;-290,80;-288,80;-285,60;-283,60;-280,80;-276,00;-280,00;-272,40;-322,00;-274,80;-303,20;-284,80;-272,00;-300,80;-270,00;-269,20;-270,00;-244,00;-278,80;-241,20;-289,20;-280,00;-290,80;-271,60;-280,80;-311,20;-302,40;-289,60;-282,40;-292,40;-251,60;-319,60;-307,20;-291,60;-288,00;-297,20;-291,60;-274,00;-282,00;-288,40;-286,40;-258,00;-288,00;-267,20;-256,40;-292,00;-278,00;-265,60;-258,80;-308,80;-301,60;-276,40;-283,60;-271,20;-281,20;-273,60;-265,60;-286,80;-273,60;-262,40;-293,20;-267,60;
0,39;-284,40;-261,60;-280,00;-261,20;-286,80;-290,00;-288,80;-292,40;-270,80;-275,60;-271,20;-315,60;-291,20;-277,60;-253,20;-306,40;-276,80;-301,20;-301,60;-287,60;-228,40;-289,20;-279,20;-273,60;-268,80;-291,20;-286,00;-262,00;-258,00;-285,60;-268,80;-319,20;-272,40;-272,00;-292,80;-285,20;-283,60;-276,40;-287,20;-278,80;-280,40;-287,20;-286,00;-282,80;-281,20;-280,80;-294,80;-298,80;-306,80;-273,60;-315,20;-272,40;-295,60;-313,60;-293,60;-287,20;-295,20;-264,80;-295,20;-294,00;-279,20;-266,40;-283,60;-318,40;-297,60;-287,20;-274,00;-286,00;-294,80;-278,40;-245,60;-310,40;-275,60;-284,00;-294,80;-285,60;-281,60;-270,80;-278,40;-305,60;-269,60;-281,20;-305,60;-270,40;-251,20;-298,40;-271,60;-292,80;-289,20;-268,00;-262,00;-293,20;-290,80;-294,80;-280,40;-279,20;-285,60;-293,20;-257,60;-278,00;-298,80;-284,40;
0,40;-306,80;-271,60;-275,60;-290,40;-289,20;-294,80;-296,00;-282,80;-317,60;-284,80;-277,60;-310,00;-239,20;-280,80;-298,00;-292,40;-284,00;-288,80;-269,20;-263,20;-275,60;-276,00;-278,40;-281,60;-298,80;-305,60;-274,80;-295,60;-298,80;-299,20;-271,20;-296,80;-292,00;-288,80;-283,60;-268,80;-284,00;-290,00;-266,80;-282,80;-298,80;-270,00;-296,80;-308,00;-270,80;-262,80;-295,60;-266,00;-297,20;-256,00;-269,20;-296,80;-288,00;-303,60;-271,20;-280,40;-301,20;-288,80;-268,80;-299,20;-280,40;-292,40;-296,40;-262,00;-306,00;-272,80;-287,60;-304,40;-292,40;-290,00;-268,00;-290,80;-274,80;-293,60;-284,80;-296,80;-273,60;-277,60;-284,00;-281,60;-265,60;-278,40;-253,20;-306,00;-266,80;-282,40;-282,40;-273,60;-287,60;-248,40;-289,20;-282,40;-290,40;-301,20;-281,20;-298,80;-244,00;-279,20;-267,60;-290,40;-264,80;-291,20;
0,41;-290,00;-292,80;-292,40;-282,80;-278,80;-263,20;-292,00;-290,00;-275,20;-278,40;-278,40;-260,00;-279,60;-309,20;-256,80;-282,80;-274,00;-294,40;-279,60;-282,40;-260,00;-280,80;-269,60;-297,60;-294,00;-284,40;-283,60;-288,80;-316,80;-300,40;-290,80;-282,40;-266,40;-292,80;-261,60;-256,80;-285,20;-299,60;-275,20;-310,00;-313,60;-274,00;-293,20;-279,20;-284,00;-271,60;-295,20;-247,60;-293,20;-291,60;-262,80;-308,40;-282,00;-280,00;-294,00;-265,20;-296,40;-312,40;-285,60;-278,80;-276,80;-315,20;-291,60;-282,40;-283,20;-275,60;-285,60;-288,00;-293,60;-293,60;-283,60;-309,60;-256,80;-287,60;-284,00;-282,80;-290,40;-270,40;-310,40;-302,40;-252,00;-274,80;-292,80;-240,80;-317,60;-286,80;-283,60;-288,00;-280,40;-308,00;-288,80;-296,00;-265,20;-304,80;-295,20;-298,00;-310,00;-281,20;-284,00;-272,40;-291,60;-293,60;
0,42;-277,60;-276,80;-301,60;-300,80;-282,00;-295,20;-276,40;-281,60;-266,80;-284,00;-264,00;-297,60;-256,40;-287,60;-272,00;-268,80;-282,40;-312,80;-307,20;-329,20;-292,80;-283,60;-279,60;-302,40;-297,60;-283,20;-278,00;-284,00;-270,80;-301,60;-273,60;-270,80;-275,60;-282,00;-292,00;-266,00;-242,80;-300,40;-301,20;-276,80;-284,00;-296,80;-320,80;-306,80;-280,80;-274,00;-277,20;-268,00;-284,80;-278,80;-296,80;-302,80;-297,20;-291,20;-300,00;-245,20;-298,00;-256,80;-285,60;-252,00;-299,60;-277,60;-282,80;-265,60;-288,80;-296,80;-290,80;-254,80;-300,40;-266,40;-306,40;-278,40;-290,40;-275,20;-295,60;-293,20;-305,20;-308,00;-279,60;-305,60;-298,40;-279,20;-276,00;-299,20;-259,60;-288,40;-274,00;-306,80;-304,40;-304,80;-306,40;-290,80;-299,60;-301,20;-297,20;-305,60;-300,40;-265,20;-282,80;-304,00;-278,40;-297,20;
0,43;-307,20;-264,40;-273,60;-304,00;-296,40;-267,60;-285,60;-260,40;-310,40;-300,00;-291,60;-266,00;-255,20;-304,80;-287,60;-280,00;-292,80;-253,60;-304,00;-280,40;-267,20;-292,80;-319,60;-286,80;-289,60;-289,20;-310,00;-293,20;-292,40;-288,00;-304,80;-282,40;-292,40;-271,20;-286,00;-278,00;-276,80;-293,60;-294,40;-278,80;-266,40;-271,60;-284,00;-311,20;-304,40;-305,60;-303,20;-280,80;-254,40;-289,20;-290,00;-264,80;-294,40;-302,80;-293,60;-307,60;-316,00;-263,20;-284,80;-263,20;-282,00;-278,00;-270,80;-296,00;-295,20;-285,60;-287,20;-272,00;-296,80;-319,60;-310,00;-288,40;-305,20;-272,40;-302,00;-292,40;-273,60;-274,80;-290,00;-291,20;-285,60;-274,00;-283,20;-322,00;-301,20;-271,60;-283,20;-282,00;-284,00;-293,60;-274,80;-296,00;-267,20;-320,80;-293,20;-286,80;-275,60;-288,80;-254,40;-279,20;-281,20;-279,60;
0,44;-276,80;-297,20;-267,60;-290,80;-297,20;-307,20;-294,40;-272,80;-325,60;-302,40;-296,80;-312,80;-296,00;-300,80;-300,80;-292,00;-324,00;-287,20;-304,80;-301,60;-278,80;-282,40;-312,80;-282,40;-286,00;-326,00;-288,00;-291,20;-284,40;-274,00;-286,80;-288,80;-261,60;-277,20;-274,00;-284,40;-277,20;-273,20;-295,60;-284,00;-271,60;-314,80;-271,60;-283,20;-287,60;-309,20;-282,00;-269,20;-268,40;-283,20;-292,40;-293,60;-267,20;-291,20;-286,40;-298,40;-286,40;-257,60;-275,60;-284,00;-299,20;-320,40;-287,60;-270,80;-316,00;-293,60;-267,20;-289,60;-271,20;-270,40;-288,80;-311,20;-283,20;-304,00;-278,80;-300,40;-280,80;-284,00;-306,80;-291,20;-296,40;-306,00;-269,60;-288,40;-291,60;-282,40;-294,80;-279,60;-260,00;-282,00;-273,20;-285,20;-298,40;-301,60;-271,60;-306,80;-288,00;-298,80;-300,80;-254,40;-286,40;-282,00;
0,45;-242,40;-266,00;-285,20;-314,40;-276,00;-307,60;-270,00;-290,80;-294,40;-268,00;-281,60;-318,00;-279,20;-268,40;-294,00;-281,20;-282,00;-305,20;-283,20;-244,00;-303,60;-290,40;-300,40;-258,80;-302,80;-287,60;-302,40;-279,60;-294,40;-295,20;-300,40;-290,40;-262,00;-289,60;-279,20;-295,60;-307,20;-271,20;-278,00;-309,60;-281,20;-278,80;-256,00;-301,20;-301,20;-291,60;-293,20;-308,40;-269,60;-291,20;-300,40;-303,60;-291,60;-300,00;-301,20;-295,60;-299,20;-282,40;-308,00;-320,40;-312,40;-286,40;-301,20;-279,20;-284,00;-312,40;-296,40;-298,00;-294,40;-286,00;-321,60;-262,40;-301,60;-276,40;-299,60;-283,20;-288,80;-278,00;-259,20;-304,80;-290,00;-277,60;-291,60;-276,80;-276,00;-283,20;-294,80;-291,60;-305,60;-300,40;-265,60;-261,60;-297,20;-280,00;-291,60;-304,00;-294,40;-277,20;-297,60;-304,00;-272,40;-298,80;
0,46;-280,00;-283,60;-296,80;-278,40;-279,20;-284,80;-264,40;-314,40;-310,00;-304,00;-313,20;-281,60;-269,60;-278,00;-308,00;-300,00;-274,00;-326,80;-284,80;-256,40;-301,60;-280,00;-275,60;-292,80;-301,60;-293,60;-300,00;-295,60;-323,60;-280,00;-274,00;-261,20;-283,20;-314,40;-267,20;-280,40;-271,60;-291,20;-291,60;-280,00;-254,80;-249,60;-296,00;-266,00;-292,80;-290,00;-301,60;-308,00;-278,00;-284,00;-294,00;-300,00;-274,80;-296,00;-305,60;-315,20;-281,20;-290,00;-274,40;-305,20;-267,20;-274,80;-288,40;-310,40;-334,80;-268,80;-276,40;-291,60;-277,20;-287,60;-297,20;-283,60;-307,60;-311,20;-291,60;-284,40;-289,60;-284,00;-259,20;-308,40;-292,80;-281,20;-284,80;-294,80;-309,60;-302,40;-325,60;-274,40;-311,60;-302,40;-272,40;-268,40;-297,20;-296,00;-294,80;-290,00;-288,80;-300,80;-304,40;-265,20;-284,40;-281,20;
0,47;-293,60;-280,80;-297,20;-320,00;-280,80;-296,80;-302,00;-285,60;-293,20;-275,20;-304,80;-326,80;-298,00;-306,40;-279,20;-266,00;-304,40;-296,40;-330,40;-303,60;-312,80;-278,80;-292,00;-302,40;-292,00;-292,40;-272,40;-302,80;-280,80;-268,40;-278,40;-307,20;-300,80;-270,00;-320,40;-283,20;-264,80;-306,80;-300,40;-293,60;-288,40;-282,80;-291,20;-258,80;-305,20;-309,20;-300,40;-329,60;-276,40;-273,20;-276,40;-295,60;-290,40;-316,40;-305,20;-310,40;-294,00;-312,80;-295,20;-282,00;-288,40;-292,40;-294,40;-290,80;-294,80;-311,20;-306,00;-282,40;-267,20;-298,00;-312,80;-291,60;-331,60;-284,80;-265,20;-272,40;-303,20;-305,60;-312,80;-243,60;-320,40;-284,80;-312,40;-291,60;-324,80;-284,80;-322,00;-302,00;-308,40;-310,80;-304,00;-290,00;-279,20;-264,40;-290,00;-303,20;-301,60;-318,00;-284,40;-298,80;-304,80;-304,40;
0,48;-264,00;-286,80;-270,80;-294,80;-297,60;-319,60;-278,40;-288,80;-300,40;-268,00;-297,60;-294,80;-249,60;-307,60;-301,20;-286,40;-326,40;-288,40;-262,00;-272,80;-292,00;-309,60;-288,80;-274,00;-297,20;-258,40;-266,40;-286,40;-264,80;-284,40;-290,80;-283,20;-299,60;-292,00;-294,80;-265,60;-256,40;-287,60;-316,80;-290,80;-307,60;-310,00;-325,60;-281,60;-287,60;-297,60;-296,40;-258,40;-275,20;-298,80;-250,80;-249,20;-293,60;-285,60;-310,40;-267,20;-304,00;-282,80;-307,20;-307,60;-235,20;-260,00;-299,20;-291,60;-294,80;-275,20;-290,40;-294,40;-302,40;-318,40;-303,60;-267,60;-287,20;-282,40;-301,60;-282,40;-299,60;-298,80;-300,80;-288,00;-290,40;-303,60;-267,60;-286,80;-302,00;-307,20;-327,20;-305,60;-301,60;-274,40;-323,20;-288,00;-286,80;-294,80;-304,40;-293,20;-298,40;-290,40;-289,20;-303,60;-286,80;-319,60;
0,49;-322,80;-289,20;-320,40;-248,40;-299,20;-320,00;-258,00;-292,40;-325,20;-317,20;-273,20;-319,20;-287,60;-271,20;-302,00;-266,40;-301,60;-291,60;-323,20;-304,40;-306,40;-294,00;-322,80;-282,80;-308,80;-302,40;-317,60;-309,60;-295,20;-316,00;-305,20;-314,40;-275,20;-331,60;-274,00;-294,40;-355,60;-296,00;-295,20;-308,80;-317,60;-300,00;-301,60;-296,00;-268,00;-324,80;-292,80;-312,80;-290,00;-318,80;-317,60;-271,20;-304,40;-304,40;-262,40;-316,00;-278,00;-293,60;-237,20;-289,60;-319,60;-292,40;-302,40;-323,60;-320,80;-289,60;-234,40;-282,40;-322,40;-295,60;-296,80;-290,00;-284,00;-280,40;-312,00;-285,60;-284,00;-298,40;-292,00;-320,40;-302,80;-282,80;-302,80;-286,40;-312,80;-312,00;-276,80;-291,20;-290,00;-276,80;-298,80;-300,40;-277,60;-280,80;-294,40;-293,60;-254,40;-293,60;-309,60;-296,00;-279,20;-284,00;
0,50;-290,80;-288,40;-292,40;-290,00;-270,40;-309,60;-293,60;-312,40;-298,40;-298,80;-300,80;-283,60;-299,20;-306,80;-267,20;-281,20;-308,40;-310,40;-297,60;-285,20;-300,80;-304,80;-328,00;-311,60;-312,40;-269,60;-296,00;-266,40;-292,40;-293,60;-307,60;-292,00;-294,80;-286,80;-277,20;-291,20;-281,20;-297,20;-261,20;-290,80;-309,20;-291,20;-295,20;-302,00;-307,60;-336,80;-286,00;-279,20;-292,80;-306,00;-283,60;-276,00;-292,80;-285,20;-292,40;-297,20;-306,80;-306,40;-309,60;-298,40;-289,60;-301,20;-294,80;-302,40;-296,00;-328,80;-281,20;-303,20;-284,80;-301,20;-283,60;-298,00;-275,20;-307,60;-318,80;-288,40;-286,80;-314,40;-293,60;-300,40;-296,40;-291,60;-303,60;-294,80;-312,80;-323,20;-307,60;-303,20;-271,20;-261,60;-306,00;-290,00;-312,40;-267,60;-324,80;-304,80;-306,80;-310,00;-290,80;-303,20;-297,20;-313,60;
0,51;-316,00;-315,60;-279,20;-296,80;-270,00;-294,40;-292,00;-310,00;-304,80;-287,60;-290,00;-284,00;-302,40;-256,00;-301,20;-286,80;-272,40;-314,00;-294,40;-328,80;-291,60;-290,80;-285,20;-288,40;-257,60;-318,00;-308,00;-296,80;-323,60;-251,60;-308,80;-310,00;-304,80;-306,40;-330,80;-289,60;-250,40;-314,80;-280,80;-308,00;-312,40;-297,20;-326,00;-311,20;-304,80;-309,60;-311,60;-278,00;-290,40;-312,40;-323,60;-294,80;-300,80;-311,20;-292,80;-300,00;-290,00;-300,40;-274,80;-286,00;-309,20;-281,20;-316,80;-266,80;-298,00;-323,60;-282,00;-290,00;-287,60;-311,20;-284,80;-289,20;-281,60;-309,60;-262,40;-302,80;-324,00;-257,20;-300,80;-326,80;-291,60;-320,40;-284,40;-328,40;-311,20;-319,20;-292,80;-298,40;-296,40;-295,60;-258,80;-313,60;-301,60;-318,00;-285,20;-320,40;-304,00;-326,00;-322,80;-312,80;-309,20;-322,80;
0,52;-302,40;-280,00;-280,00;-290,80;-302,80;-315,60;-260,80;-318,00;-296,00;-287,60;-294,80;-279,20;-302,40;-315,20;-293,60;-330,40;-286,00;-289,60;-295,60;-308,40;-314,80;-309,60;-315,20;-298,00;-285,60;-273,20;-282,80;-309,60;-297,60;-290,40;-262,80;-313,20;-329,20;-270,40;-317,60;-318,40;-291,60;-254,80;-279,60;-292,00;-290,00;-288,00;-310,40;-304,40;-314,80;-315,60;-306,00;-318,80;-312,00;-308,00;-325,20;-318,40;-282,40;-326,40;-322,80;-288,40;-303,20;-290,80;-292,80;-283,20;-298,00;-290,00;-315,60;-302,80;-323,60;-291,20;-293,60;-321,20;-322,00;-334,00;-324,00;-317,20;-309,20;-288,40;-301,60;-303,60;-306,80;-302,40;-303,60;-311,20;-290,80;-282,40;-306,40;-298,40;-294,00;-308,80;-317,20;-281,60;-325,60;-296,00;-299,60;-313,20;-278,00;-282,00;-290,00;-322,80;-337,20;-306,00;-340,80;-263,60;-267,60;-334,00;
0,53;-321,60;-330,00;-304,00;-300,80;-312,80;-284,40;-293,20;-301,60;-264,00;-291,60;-330,40;-313,60;-332,00;-303,60;-302,80;-321,20;-291,20;-300,00;-280,80;-282,80;-318,40;-294,00;-328,00;-286,40;-303,60;-283,20;-328,80;-305,60;-305,20;-330,80;-294,40;-316,40;-291,60;-310,40;-316,00;-298,40;-320,00;-289,60;-303,60;-308,80;-294,00;-307,20;-318,40;-284,40;-259,20;-300,80;-292,80;-321,60;-286,40;-275,60;-287,20;-304,00;-314,00;-302,40;-275,20;-297,20;-326,40;-303,60;-284,00;-270,40;-316,40;-298,00;-316,00;-248,00;-276,80;-283,60;-273,20;-304,80;-266,40;-314,40;-296,40;-288,80;-325,60;-260,00;-312,40;-268,00;-303,20;-300,40;-328,00;-325,60;-318,80;-330,00;-298,00;-290,80;-297,20;-303,20;-271,60;-286,40;-312,40;-311,60;-313,60;-273,60;-306,40;-316,80;-315,20;-330,00;-279,60;-323,60;-308,40;-309,60;-274,00;-314,40;
0,54;-327,60;-310,80;-298,00;-312,40;-322,00;-318,00;-286,80;-314,80;-303,60;-298,00;-276,40;-336,80;-290,40;-289,60;-316,00;-285,60;-324,40;-300,00;-327,20;-298,80;-271,60;-327,60;-281,60;-282,00;-304,00;-308,00;-304,40;-306,00;-317,20;-314,80;-307,60;-322,00;-304,40;-302,40;-287,60;-307,20;-318,80;-290,80;-321,60;-312,80;-294,40;-306,00;-309,20;-292,40;-295,20;-298,40;-295,20;-340,40;-300,80;-306,00;-275,60;-317,20;-325,60;-271,60;-310,40;-301,60;-270,00;-316,40;-298,40;-310,00;-300,80;-319,20;-324,00;-308,80;-275,60;-281,60;-314,40;-263,60;-296,40;-313,20;-304,00;-308,00;-316,40;-274,80;-309,20;-300,00;-314,80;-290,80;-299,20;-329,20;-296,80;-307,60;-318,80;-342,00;-314,00;-303,20;-308,00;-319,20;-256,40;-292,00;-279,20;-312,80;-284,40;-305,60;-299,20;-284,00;-295,60;-287,20;-276,40;-285,20;-306,00;-301,60;
0,55;-284,40;-279,20;-323,20;-306,80;-313,60;-300,40;-321,60;-316,00;-268,00;-297,20;-313,60;-312,40;-289,20;-326,00;-305,20;-313,20;-305,60;-314,40;-327,20;-272,40;-296,40;-335,60;-311,60;-326,00;-324,00;-326,80;-318,80;-307,60;-337,60;-314,00;-282,40;-311,60;-295,20;-308,80;-272,00;-324,80;-334,00;-300,40;-302,00;-272,00;-299,60;-316,00;-303,20;-314,80;-308,80;-290,40;-308,40;-260,00;-300,00;-318,80;-297,20;-307,20;-327,60;-300,40;-312,80;-310,80;-286,40;-296,40;-307,60;-300,80;-325,60;-302,80;-310,40;-286,00;-303,20;-295,20;-308,80;-291,60;-320,00;-299,20;-300,00;-318,40;-300,00;-319,20;-298,00;-322,40;-302,80;-317,20;-300,80;-320,80;-295,60;-297,20;-328,00;-302,80;-304,80;-293,60;-330,80;-287,20;-308,80;-298,80;-273,20;-312,80;-301,60;-278,80;-326,00;-320,40;-264,40;-300,00;-294,00;-303,60;-292,00;-284,80;
0,56;-304,00;-315,60;-324,00;-300,40;-278,80;-341,20;-315,20;-307,20;-288,40;-306,40;-266,00;-264,00;-320,00;-310,80;-312,40;-316,40;-265,60;-342,40;-304,80;-310,80;-326,80;-323,60;-312,00;-316,00;-315,20;-262,80;-314,40;-280,00;-301,20;-293,20;-307,60;-309,60;-308,00;-319,60;-334,80;-316,00;-262,80;-296,00;-317,20;-319,20;-302,40;-328,40;-288,80;-318,80;-314,40;-286,80;-289,60;-296,80;-314,40;-317,60;-293,20;-328,40;-330,40;-293,20;-331,20;-294,00;-311,20;-297,20;-251,60;-333,60;-276,40;-285,60;-299,60;-320,40;-293,60;-297,60;-307,60;-305,60;-314,00;-297,20;-275,60;-321,60;-322,00;-330,00;-289,60;-287,20;-317,20;-312,80;-299,60;-306,80;-299,20;-319,20;-289,60;-304,00;-322,40;-287,20;-302,40;-259,20;-308,40;-291,20;-315,20;-275,20;-309,60;-291,20;-307,20;-337,60;-323,60;-282,00;-317,60;-338,80;-302,40;-314,40;
0,57;-320,40;-315,60;-280,40;-310,00;-304,80;-297,60;-313,60;-320,80;-303,20;-293,60;-315,20;-314,00;-331,20;-304,80;-302,40;-302,40;-294,80;-328,40;-318,80;-340,40;-325,20;-314,00;-258,40;-299,20;-280,40;-335,20;-323,60;-328,40;-317,60;-321,20;-314,40;-295,60;-320,40;-290,40;-281,20;-305,60;-322,40;-316,40;-311,60;-296,80;-313,60;-340,00;-300,00;-333,60;-322,80;-290,80;-285,20;-306,80;-277,60;-280,80;-342,40;-319,60;-294,80;-288,40;-290,00;-297,20;-307,60;-309,20;-280,00;-278,40;-314,40;-303,20;-330,40;-332,00;-294,40;-300,80;-322,40;-306,00;-284,80;-306,80;-295,60;-313,20;-315,60;-286,80;-282,00;-317,20;-317,60;-335,20;-298,40;-274,40;-280,00;-298,40;-324,80;-298,80;-328,80;-314,80;-348,80;-303,20;-322,40;-339,60;-277,20;-307,60;-304,80;-314,40;-268,80;-308,00;-297,20;-338,00;-277,60;-327,20;-330,00;-306,80;
0,58;-354,80;-297,20;-316,80;-287,60;-286,40;-327,20;-280,40;-295,60;-293,60;-310,80;-327,60;-302,80;-317,20;-286,40;-287,20;-313,60;-324,00;-315,60;-289,60;-280,80;-322,80;-304,80;-318,40;-319,60;-306,80;-314,00;-300,00;-278,80;-308,40;-309,20;-276,00;-296,40;-296,80;-312,00;-341,60;-270,40;-314,40;-321,20;-284,40;-309,20;-298,80;-315,60;-299,60;-286,00;-311,60;-309,60;-290,80;-301,20;-319,20;-297,60;-314,80;-308,80;-313,60;-290,80;-283,20;-295,20;-318,80;-306,80;-280,00;-294,40;-312,00;-300,40;-309,20;-278,00;-324,80;-312,40;-311,20;-288,40;-301,60;-297,20;-276,00;-288,80;-302,40;-288,80;-300,80;-312,40;-316,80;-342,00;-341,20;-285,60;-305,20;-284,80;-312,80;-312,40;-298,40;-309,20;-297,60;-305,60;-272,80;-292,40;-328,80;-318,80;-342,80;-308,80;-323,60;-289,60;-324,40;-320,00;-282,40;-294,80;-302,80;-300,00;
0,59;-310,00;-317,60;-317,60;-285,20;-319,60;-312,00;-312,00;-300,80;-306,80;-317,20;-298,40;-294,40;-340,00;-291,20;-318,80;-325,60;-310,40;-300,00;-326,40;-321,60;-326,80;-291,60;-322,80;-304,00;-306,40;-314,00;-310,00;-292,00;-314,80;-306,80;-321,20;-266,00;-318,80;-318,40;-301,20;-288,00;-314,00;-298,80;-337,20;-323,20;-280,00;-339,20;-308,40;-294,00;-324,40;-309,60;-338,40;-312,40;-327,20;-311,20;-307,60;-324,00;-330,00;-332,40;-325,20;-303,20;-305,60;-320,00;-328,40;-320,80;-296,00;-328,00;-269,60;-285,60;-324,80;-307,20;-296,80;-313,20;-312,40;-304,40;-305,60;-349,20;-302,40;-294,40;-301,20;-307,60;-326,40;-328,80;-319,20;-296,80;-310,00;-290,00;-327,60;-349,20;-313,20;-285,20;-319,20;-319,60;-311,20;-328,80;-298,80;-292,40;-303,60;-290,00;-300,40;-328,80;-303,60;-299,20;-317,60;-290,40;-335,60;-313,20;
0,60;-307,60;-308,00;-311,20;-309,20;-331,20;-308,80;-284,00;-325,20;-328,80;-319,20;-322,80;-287,60;-302,40;-263,20;-332,00;-295,20;-345,60;-298,00;-336,80;-303,60;-312,80;-316,40;-299,20;-331,20;-314,40;-312,00;-308,80;-312,40;-278,80;-311,20;-323,60;-338,00;-332,40;-314,00;-293,60;-289,60;-336,80;-319,60;-312,00;-311,60;-318,40;-277,60;-320,00;-319,20;-298,80;-274,80;-275,60;-313,60;-336,40;-286,00;-318,40;-309,20;-321,20;-316,80;-290,40;-326,00;-274,40;-315,20;-309,20;-314,80;-295,60;-333,20;-304,80;-336,80;-286,00;-294,40;-323,20;-314,80;-272,80;-294,40;-322,00;-292,80;-276,80;-340,00;-300,00;-304,80;-314,80;-321,60;-294,40;-304,80;-274,40;-312,00;-330,00;-282,00;-337,20;-327,60;-316,80;-306,00;-291,20;-289,20;-296,00;-313,20;-314,00;-300,00;-309,20;-285,60;-324,40;-290,80;-292,80;-308,00;-294,40;-314,40;
0,61;-336,80;-294,80;-308,00;-324,80;-310,00;-302,00;-272,80;-265,60;-324,80;-304,80;-310,40;-335,20;-328,00;-326,40;-328,00;-320,40;-343,60;-291,60;-343,60;-340,40;-335,60;-328,80;-328,80;-322,40;-340,80;-317,60;-327,60;-321,60;-305,20;-284,00;-306,40;-316,00;-319,60;-325,60;-321,20;-325,20;-303,20;-313,20;-312,00;-305,20;-341,20;-310,40;-317,20;-316,40;-335,20;-324,00;-307,20;-304,40;-294,80;-316,00;-317,60;-300,00;-311,20;-291,60;-336,40;-302,80;-310,40;-290,00;-326,40;-314,40;-309,60;-292,80;-340,80;-274,40;-326,80;-324,00;-329,60;-304,80;-316,40;-304,00;-300,40;-337,20;-315,20;-296,80;-310,80;-302,40;-302,40;-326,40;-335,60;-300,80;-314,40;-314,80;-288,40;-308,80;-287,20;-323,60;-300,40;-339,20;-301,60;-310,80;-281,20;-306,40;-306,00;-308,80;-316,40;-329,20;-312,00;-308,80;-312,80;-290,40;-320,00;-309,60;
0,62;-296,00;-312,00;-298,80;-344,40;-302,80;-327,60;-312,80;-308,40;-324,40;-317,60;-343,60;-318,40;-324,80;-316,80;-327,60;-309,20;-288,00;-312,80;-316,40;-324,40;-314,80;-321,60;-328,00;-337,60;-324,40;-327,60;-296,80;-326,00;-299,60;-303,20;-308,40;-333,20;-323,20;-331,20;-326,40;-300,40;-350,00;-339,60;-291,20;-320,00;-331,60;-310,80;-326,40;-317,60;-336,00;-314,80;-342,80;-313,60;-294,00;-270,00;-353,60;-292,00;-282,00;-304,80;-298,00;-326,00;-317,20;-286,40;-320,80;-307,20;-322,40;-317,20;-333,20;-309,60;-299,60;-337,20;-306,80;-332,80;-299,20;-348,00;-280,00;-321,20;-332,80;-291,20;-334,80;-333,60;-300,40;-322,80;-317,60;-332,80;-321,60;-322,80;-336,00;-298,80;-304,00;-275,20;-300,80;-324,00;-327,60;-306,00;-322,00;-310,40;-327,20;-331,20;-281,60;-339,60;-305,60;-308,00;-323,60;-331,60;-279,60;-303,20;
0,63;-295,60;-320,80;-291,60;-326,00;-302,00;-344,40;-313,20;-303,20;-332,40;-318,80;-282,40;-316,00;-297,20;-306,00;-313,60;-303,20;-333,60;-323,60;-318,00;-340,40;-315,20;-314,00;-342,80;-314,40;-292,80;-302,40;-302,80;-283,60;-323,20;-272,00;-298,00;-329,20;-296,80;-306,40;-307,60;-305,60;-312,00;-330,00;-332,40;-285,60;-325,60;-307,60;-317,20;-317,60;-303,20;-310,00;-307,20;-296,40;-284,00;-306,00;-318,40;-311,60;-316,80;-302,00;-313,20;-336,40;-318,40;-327,60;-326,00;-280,40;-315,60;-326,40;-323,60;-326,40;-298,40;-314,00;-302,80;-288,80;-303,20;-305,60;-334,80;-322,00;-284,40;-310,00;-301,20;-339,20;-319,60;-323,20;-309,20;-303,60;-297,20;-327,60;-288,00;-275,60;-330,00;-299,20;-292,00;-302,00;-332,00;-290,80;-310,80;-307,20;-311,60;-324,80;-318,80;-310,00;-278,40;-322,40;-301,60;-306,00;-306,40;-288,80;
0,64;-320,80;-321,60;-311,20;-342,00;-323,20;-324,80;-324,40;-322,80;-312,40;-331,60;-282,80;-319,60;-288,40;-316,40;-312,40;-340,80;-279,60;-336,00;-342,40;-334,40;-305,20;-334,40;-323,20;-303,60;-315,60;-346,40;-311,60;-302,80;-336,80;-313,20;-307,20;-333,20;-310,80;-326,80;-284,40;-312,00;-292,40;-262,80;-304,00;-300,80;-307,20;-336,00;-325,20;-326,80;-324,80;-281,60;-298,80;-322,00;-313,20;-360,00;-333,20;-307,60;-315,20;-321,20;-298,00;-345,20;-306,80;-295,20;-322,00;-322,00;-336,00;-255,60;-301,60;-333,60;-310,00;-320,00;-318,00;-326,40;-324,40;-319,20;-324,00;-321,20;-325,20;-303,20;-319,20;-333,20;-328,00;-282,80;-327,60;-313,60;-319,20;-327,20;-309,20;-344,40;-318,80;-308,80;-296,40;-317,20;-309,20;-334,80;-341,20;-327,60;-336,00;-324,00;-311,20;-320,40;-298,80;-309,60;-324,00;-361,20;-325,60;-282,00;
0,65;-322,40;-313,20;-324,40;-326,00;-329,20;-311,60;-303,60;-305,60;-312,40;-299,60;-329,20;-303,20;-332,80;-305,20;-272,80;-330,40;-321,60;-307,20;-339,20;-330,00;-317,60;-298,40;-298,00;-302,40;-306,40;-334,80;-309,20;-306,00;-260,00;-316,00;-325,60;-330,40;-328,80;-313,20;-315,60;-331,60;-282,00;-326,40;-357,20;-341,20;-305,60;-306,00;-292,40;-327,60;-316,40;-327,60;-322,00;-309,60;-313,60;-316,00;-320,00;-337,60;-340,40;-314,40;-268,80;-324,40;-339,20;-298,00;-315,20;-314,80;-316,40;-292,80;-307,60;-309,20;-272,00;-307,60;-289,60;-336,80;-320,00;-299,60;-330,80;-314,40;-340,00;-288,00;-330,00;-355,60;-330,80;-312,00;-300,80;-320,40;-330,80;-299,60;-311,60;-308,40;-343,20;-338,00;-323,60;-351,20;-323,20;-316,40;-312,40;-306,80;-336,00;-313,60;-323,20;-316,80;-342,80;-348,00;-317,60;-315,20;-318,40;-298,00;
0,66;-306,40;-332,40;-335,20;-356,00;-315,60;-316,00;-314,80;-281,20;-332,80;-318,80;-323,20;-308,40;-304,00;-326,00;-302,00;-297,20;-304,80;-335,20;-316,00;-273,60;-318,80;-320,00;-318,80;-315,20;-284,80;-318,80;-299,60;-320,40;-298,00;-311,60;-321,60;-331,20;-306,40;-313,60;-342,40;-319,20;-331,20;-312,40;-331,60;-327,60;-324,00;-312,80;-334,40;-316,40;-306,00;-296,40;-319,60;-319,60;-312,80;-319,60;-323,60;-300,80;-282,80;-295,20;-337,60;-304,00;-344,00;-302,80;-312,00;-313,20;-315,20;-334,00;-319,20;-340,00;-293,20;-324,80;-298,80;-331,60;-349,20;-291,60;-302,00;-306,80;-328,40;-292,40;-308,40;-308,00;-326,00;-316,40;-312,00;-314,00;-296,80;-317,20;-324,80;-326,40;-296,00;-323,60;-311,60;-324,40;-311,20;-329,60;-338,40;-308,80;-310,80;-311,60;-324,80;-305,60;-351,20;-310,00;-298,00;-313,60;-319,20;-300,40;
0,67;-328,00;-326,00;-340,80;-307,20;-329,60;-322,00;-291,20;-319,60;-334,80;-308,00;-305,60;-331,20;-332,00;-297,60;-317,20;-339,20;-334,00;-338,80;-312,80;-325,20;-320,40;-327,20;-303,20;-335,20;-337,20;-334,80;-324,80;-323,60;-305,20;-282,40;-316,40;-325,20;-290,00;-331,20;-278,80;-331,60;-337,20;-331,20;-331,60;-314,80;-307,60;-324,00;-351,20;-310,80;-318,00;-312,00;-366,40;-348,80;-283,20;-324,00;-321,20;-328,80;-345,20;-344,40;-329,20;-324,00;-339,60;-324,40;-311,60;-326,00;-311,20;-314,80;-319,60;-350,80;-309,20;-304,00;-289,60;-317,60;-348,00;-328,00;-318,40;-344,40;-321,60;-298,80;-287,20;-307,20;-317,20;-290,40;-330,00;-328,80;-329,20;-322,40;-310,80;-307,60;-356,40;-334,40;-318,00;-300,00;-310,40;-341,60;-316,80;-334,80;-294,80;-327,20;-300,40;-288,80;-310,40;-338,40;-313,60;-280,80;-310,80;-333,60;
0,68;-325,60;-314,80;-325,60;-307,20;-341,20;-309,20;-332,40;-328,80;-334,40;-317,60;-352,00;-330,00;-339,20;-324,80;-306,40;-324,00;-333,20;-327,20;-337,20;-312,80;-344,80;-334,80;-324,40;-320,80;-315,20;-340,40;-332,80;-332,00;-314,40;-322,40;-344,40;-345,60;-324,80;-349,60;-345,60;-324,80;-332,80;-314,80;-324,40;-298,40;-297,20;-341,60;-324,40;-315,20;-285,20;-297,60;-328,80;-263,60;-342,00;-316,40;-316,80;-324,40;-332,80;-317,20;-341,60;-339,20;-320,40;-290,00;-313,20;-343,60;-323,60;-315,60;-331,60;-294,00;-305,60;-304,40;-329,60;-337,60;-299,60;-332,00;-325,60;-329,60;-313,60;-314,80;-293,20;-322,80;-322,40;-324,00;-310,80;-316,40;-327,20;-314,00;-314,00;-307,60;-327,60;-321,60;-322,00;-338,40;-334,40;-312,00;-338,40;-306,40;-327,20;-306,80;-328,40;-295,60;-283,60;-318,80;-321,60;-324,40;-336,40;-320,80;
0,69;-318,40;-332,40;-343,60;-316,00;-348,40;-333,20;-324,00;-343,20;-322,40;-362,40;-324,80;-342,40;-322,40;-339,20;-337,60;-294,40;-337,60;-332,40;-335,60;-330,00;-346,80;-313,20;-338,80;-317,20;-338,00;-302,00;-335,60;-316,80;-348,80;-343,20;-342,00;-332,00;-317,20;-329,60;-329,20;-351,20;-317,60;-335,20;-357,60;-325,20;-312,80;-314,00;-354,40;-308,40;-292,00;-355,20;-311,60;-313,20;-320,00;-334,80;-328,80;-310,80;-308,00;-318,40;-342,40;-297,60;-340,00;-302,00;-342,00;-328,00;-318,00;-313,20;-344,80;-333,20;-303,60;-328,80;-320,80;-322,00;-325,20;-287,60;-334,40;-337,20;-340,80;-320,80;-307,20;-344,80;-332,80;-316,80;-321,60;-346,00;-345,60;-308,00;-314,00;-324,00;-328,80;-298,00;-328,40;-332,00;-341,20;-346,00;-312,80;-300,80;-320,40;-283,20;-304,00;-318,40;-315,60;-310,80;-323,60;-327,20;-328,80;-292,00;
0,70;-330,00;-334,40;-312,00;-353,60;-328,00;-320,00;-309,60;-336,80;-333,20;-292,40;-288,00;-364,00;-344,00;-336,00;-335,20;-285,20;-324,40;-328,80;-317,60;-308,40;-318,80;-328,40;-332,00;-344,80;-333,60;-292,80;-343,20;-325,20;-327,20;-293,20;-312,80;-293,20;-340,00;-363,60;-308,00;-321,60;-324,00;-369,60;-316,80;-322,40;-303,20;-328,40;-329,60;-333,20;-329,20;-352,00;-332,80;-325,20;-336,80;-362,80;-294,00;-319,60;-336,80;-353,20;-344,40;-337,20;-352,00;-306,80;-318,00;-318,00;-328,80;-329,60;-312,00;-303,20;-323,60;-299,20;-343,20;-334,40;-313,60;-304,00;-332,80;-324,00;-301,20;-281,60;-309,20;-358,80;-327,20;-330,40;-267,60;-338,40;-321,20;-341,20;-317,60;-336,80;-339,60;-356,40;-312,40;-336,80;-346,80;-326,40;-336,80;-312,40;-343,20;-309,60;-334,40;-326,80;-323,60;-326,00;-296,00;-350,40;-337,20;-331,60;
0,71;-338,40;-337,20;-349,20;-325,60;-344,80;-351,20;-302,00;-346,80;-306,00;-356,00;-343,20;-342,40;-321,60;-336,40;-334,40;-302,00;-364,00;-304,00;-327,20;-324,00;-284,80;-344,00;-325,60;-323,20;-332,80;-338,00;-350,80;-289,60;-304,00;-318,00;-360,40;-331,20;-300,40;-346,80;-325,20;-334,80;-328,00;-356,00;-343,20;-313,20;-326,80;-334,00;-328,40;-310,00;-314,80;-336,80;-337,60;-351,60;-327,20;-377,60;-329,60;-325,20;-321,20;-323,20;-317,20;-333,20;-334,80;-314,40;-323,20;-332,40;-318,00;-313,60;-335,20;-333,60;-331,20;-318,80;-304,40;-333,20;-347,20;-342,80;-320,80;-332,00;-335,60;-309,20;-329,20;-349,20;-282,80;-341,20;-294,00;-333,60;-334,00;-351,20;-336,40;-323,60;-306,00;-346,00;-336,00;-309,20;-318,40;-336,80;-321,60;-332,80;-314,40;-305,20;-300,00;-325,20;-366,40;-310,00;-355,20;-316,40;-304,80;-339,20;
0,72;-351,20;-330,00;-342,80;-320,00;-334,00;-336,00;-310,40;-323,20;-333,60;-303,20;-352,80;-364,80;-283,20;-344,40;-343,60;-303,20;-320,40;-336,00;-340,40;-332,80;-363,20;-325,60;-337,60;-337,60;-334,00;-313,20;-304,80;-322,40;-344,00;-342,00;-333,60;-341,60;-335,60;-319,60;-323,60;-345,20;-341,20;-338,00;-328,00;-312,40;-310,00;-334,00;-320,80;-344,00;-362,40;-358,80;-349,60;-320,40;-326,00;-358,80;-328,00;-354,00;-348,80;-342,80;-356,40;-296,40;-367,60;-333,60;-322,00;-340,00;-346,40;-332,00;-343,60;-309,20;-323,60;-332,00;-366,40;-352,00;-336,40;-336,40;-329,60;-354,00;-310,80;-313,20;-314,40;-334,00;-329,60;-321,60;-336,40;-335,60;-314,80;-338,40;-296,80;-326,80;-320,40;-333,60;-331,60;-297,20;-311,20;-319,60;-298,80;-336,00;-335,60;-326,00;-324,00;-338,40;-335,60;-336,80;-303,60;-320,40;-347,20;-330,80;
0,73;-352,00;-309,60;-337,60;-338,80;-354,80;-323,60;-373,60;-360,40;-354,40;-308,00;-309,20;-322,00;-361,60;-339,20;-309,60;-309,60;-352,80;-312,00;-356,40;-359,60;-332,80;-347,20;-330,80;-352,40;-332,80;-345,20;-326,80;-333,60;-308,40;-322,80;-354,40;-326,80;-327,20;-324,80;-320,80;-326,80;-312,00;-320,80;-340,40;-327,60;-333,20;-340,00;-341,20;-349,20;-350,80;-332,80;-304,80;-325,60;-356,00;-368,00;-356,40;-316,40;-308,00;-353,20;-329,60;-338,00;-338,00;-336,00;-326,40;-282,00;-352,00;-312,40;-337,60;-324,00;-304,00;-348,40;-336,80;-301,20;-321,60;-314,00;-319,60;-341,20;-331,20;-358,80;-332,40;-326,00;-348,80;-306,00;-310,80;-345,20;-315,20;-354,40;-318,40;-322,40;-363,60;-333,60;-328,80;-348,80;-333,60;-350,00;-309,20;-352,80;-357,20;-315,60;-316,40;-314,40;-344,00;-335,60;-316,40;-335,60;-316,80;-334,80;
0,74;-360,80;-344,40;-363,60;-306,40;-318,00;-343,60;-351,60;-336,40;-339,20;-325,20;-357,20;-353,60;-348,40;-351,60;-346,00;-305,60;-349,60;-332,80;-350,80;-342,40;-344,00;-319,20;-320,80;-357,20;-319,20;-320,40;-328,00;-322,40;-308,80;-306,80;-331,60;-329,20;-328,00;-339,60;-319,20;-332,80;-301,60;-319,60;-326,80;-353,60;-345,60;-344,80;-358,80;-359,60;-330,80;-342,40;-310,80;-344,00;-345,20;-354,80;-332,80;-310,40;-364,40;-341,60;-330,80;-344,80;-346,80;-353,20;-319,60;-346,00;-337,20;-338,80;-340,00;-302,00;-367,20;-327,60;-317,60;-314,40;-347,20;-368,00;-367,20;-340,00;-333,60;-306,80;-329,60;-330,40;-360,80;-340,80;-320,40;-367,20;-341,60;-319,20;-310,00;-327,20;-338,80;-326,40;-340,40;-326,80;-341,60;-324,40;-349,20;-332,00;-336,00;-339,20;-319,60;-298,00;-342,80;-328,40;-309,20;-354,40;-343,20;-309,20;
0,75;-356,40;-329,60;-357,60;-330,40;-350,40;-324,00;-376,80;-337,60;-341,60;-340,00;-302,00;-360,80;-355,60;-364,00;-332,40;-357,20;-333,60;-348,80;-363,20;-347,20;-346,40;-309,20;-351,20;-337,20;-347,20;-350,80;-326,00;-337,20;-370,00;-307,20;-344,00;-321,20;-334,40;-357,60;-344,00;-340,00;-326,80;-346,80;-324,40;-334,40;-352,80;-353,60;-333,60;-349,20;-328,00;-325,20;-314,80;-327,60;-371,20;-359,60;-335,60;-318,40;-353,20;-337,60;-367,20;-370,00;-346,80;-346,80;-349,60;-362,00;-361,20;-309,20;-331,60;-321,60;-331,60;-342,00;-349,20;-351,60;-322,80;-323,60;-344,80;-339,20;-316,40;-332,40;-316,80;-347,20;-331,60;-331,60;-325,20;-330,80;-304,40;-310,40;-381,60;-310,00;-312,00;-340,80;-331,60;-355,20;-337,20;-332,40;-330,40;-282,40;-313,60;-346,00;-350,80;-340,80;-326,40;-307,20;-352,80;-354,00;-330,80;-338,00;
0,76;-322,00;-335,60;-322,00;-352,80;-347,20;-340,40;-330,80;-356,40;-312,00;-310,40;-343,20;-337,60;-357,60;-337,60;-337,20;-301,20;-353,60;-330,80;-346,40;-334,00;-346,40;-347,20;-355,20;-331,20;-347,60;-344,40;-346,00;-352,80;-353,20;-348,40;-321,60;-358,80;-328,80;-362,40;-344,80;-360,00;-321,60;-333,60;-362,40;-338,00;-368,00;-323,60;-362,80;-356,80;-367,60;-313,60;-322,80;-298,80;-354,80;-332,40;-346,80;-344,00;-350,40;-318,40;-360,40;-344,00;-340,40;-342,80;-324,00;-345,60;-358,80;-351,20;-319,60;-342,80;-288,40;-330,40;-356,00;-359,20;-341,20;-334,00;-351,60;-340,40;-316,40;-348,40;-332,00;-311,60;-366,80;-325,20;-320,80;-338,00;-326,40;-328,80;-350,00;-311,60;-328,00;-350,80;-332,00;-354,40;-312,80;-349,20;-353,60;-353,60;-338,40;-348,00;-340,40;-308,80;-332,80;-321,60;-343,20;-334,40;-348,40;-337,60;
0,77;-337,20;-356,00;-356,00;-363,60;-354,00;-315,20;-317,20;-328,40;-325,60;-327,60;-321,20;-354,80;-346,80;-341,60;-346,80;-355,20;-350,00;-356,00;-330,00;-356,80;-346,00;-341,20;-372,80;-300,00;-326,80;-342,40;-350,40;-327,20;-344,00;-318,80;-343,20;-320,80;-355,20;-342,00;-324,00;-312,40;-329,60;-356,80;-361,60;-359,60;-318,80;-368,80;-330,40;-337,60;-325,60;-353,20;-363,20;-355,20;-340,40;-330,80;-338,00;-360,40;-353,60;-334,40;-318,40;-363,60;-347,20;-366,80;-353,60;-335,60;-353,60;-342,80;-359,20;-352,40;-335,60;-346,40;-362,00;-337,20;-334,00;-357,60;-321,20;-334,80;-356,00;-374,40;-345,20;-346,00;-350,40;-343,20;-328,00;-336,80;-341,20;-359,20;-338,40;-307,20;-340,00;-308,40;-336,00;-368,00;-342,00;-312,40;-344,40;-323,20;-332,80;-312,00;-346,00;-320,80;-311,60;-315,20;-354,00;-316,40;-318,00;-347,20;
0,78;-324,00;-347,20;-349,60;-353,60;-318,80;-346,40;-325,60;-346,40;-349,20;-369,20;-346,80;-374,80;-343,60;-334,00;-349,20;-337,20;-378,00;-351,60;-352,80;-299,60;-357,60;-341,20;-312,80;-357,20;-339,20;-334,40;-340,80;-321,60;-364,00;-322,00;-358,80;-375,20;-327,20;-378,80;-355,20;-319,60;-344,00;-360,80;-313,60;-340,80;-328,40;-340,40;-364,00;-338,40;-363,20;-343,20;-328,00;-309,60;-346,00;-323,60;-356,80;-318,00;-339,20;-368,80;-344,80;-337,20;-333,20;-344,80;-349,60;-351,60;-349,60;-334,40;-336,40;-332,40;-363,60;-353,20;-359,20;-360,40;-299,20;-364,00;-389,60;-300,00;-329,20;-334,00;-329,60;-330,40;-298,00;-351,20;-363,60;-348,80;-306,40;-321,60;-324,80;-324,80;-338,00;-302,40;-357,60;-359,20;-344,40;-343,60;-335,20;-386,00;-324,80;-339,60;-310,00;-356,80;-346,80;-330,00;-354,40;-339,20;-316,00;-340,80;
0,79;-364,40;-347,60;-343,60;-364,00;-344,00;-345,60;-352,80;-333,20;-368,80;-315,20;-356,80;-352,80;-340,00;-352,00;-346,40;-347,20;-354,40;-334,00;-360,00;-331,60;-322,00;-364,40;-352,00;-372,40;-348,40;-352,40;-350,00;-371,20;-360,80;-362,00;-348,00;-374,80;-332,80;-346,40;-357,20;-339,60;-376,00;-388,00;-326,40;-346,00;-359,20;-329,60;-341,20;-346,80;-346,40;-356,80;-334,40;-342,40;-348,40;-317,20;-325,60;-303,20;-346,80;-355,60;-363,20;-310,40;-353,60;-310,80;-348,00;-359,20;-326,00;-370,00;-345,60;-349,60;-340,00;-342,00;-303,20;-321,20;-350,00;-328,80;-354,00;-338,00;-377,60;-338,00;-346,00;-332,40;-323,60;-335,60;-370,40;-324,80;-334,40;-320,40;-359,20;-334,40;-346,80;-348,40;-348,00;-307,60;-327,60;-324,00;-322,80;-342,00;-340,00;-334,00;-347,20;-316,40;-337,20;-330,40;-340,00;-343,60;-344,40;-346,80;
0,80;-376,40;-374,80;-377,60;-357,20;-337,60;-353,60;-339,60;-381,20;-355,20;-373,60;-354,80;-360,40;-367,20;-353,60;-364,80;-355,60;-346,80;-377,60;-374,80;-351,60;-320,80;-363,20;-366,00;-348,40;-365,20;-336,00;-360,00;-376,00;-329,60;-385,20;-349,60;-372,80;-336,00;-343,60;-358,80;-340,00;-375,60;-338,40;-357,20;-374,80;-348,40;-334,00;-334,40;-367,20;-354,40;-311,60;-360,80;-343,20;-376,00;-363,20;-344,00;-366,80;-329,20;-338,80;-391,20;-338,80;-355,20;-340,80;-365,60;-346,40;-362,40;-390,40;-304,80;-321,60;-320,00;-374,00;-377,60;-352,40;-353,60;-354,80;-335,60;-347,60;-323,20;-351,60;-354,00;-319,20;-340,40;-352,80;-316,40;-368,00;-354,40;-351,60;-373,60;-302,80;-319,60;-332,40;-332,40;-363,20;-331,20;-332,40;-326,80;-311,60;-353,20;-344,80;-330,00;-322,00;-306,80;-350,00;-352,80;-351,20;-365,20;-308,80;
0,81;-361,20;-371,20;-318,00;-367,20;-350,00;-370,80;-363,60;-319,20;-356,40;-354,40;-356,40;-374,40;-361,60;-367,60;-349,60;-372,00;-364,80;-322,00;-365,20;-395,60;-350,40;-389,60;-356,00;-365,20;-308,40;-354,80;-332,80;-355,60;-389,60;-380,40;-327,20;-342,80;-356,80;-334,80;-333,20;-328,40;-374,80;-378,00;-360,00;-358,00;-322,40;-354,40;-336,40;-381,60;-366,80;-347,60;-357,60;-369,60;-377,60;-366,40;-358,00;-393,20;-364,80;-347,60;-366,40;-338,40;-331,20;-369,60;-370,00;-308,80;-350,80;-374,40;-364,40;-340,00;-359,60;-378,00;-368,00;-333,60;-357,60;-366,00;-301,20;-341,20;-336,80;-356,80;-353,60;-346,00;-377,20;-374,40;-337,60;-323,60;-380,00;-358,40;-326,00;-350,40;-342,80;-357,20;-349,20;-348,00;-314,40;-350,80;-348,00;-349,20;-335,60;-312,00;-338,40;-338,00;-334,80;-334,00;-361,20;-346,00;-335,20;-338,80;
0,82;-383,60;-371,60;-347,20;-346,80;-357,20;-384,00;-380,40;-360,00;-360,40;-365,20;-384,80;-340,00;-367,20;-363,60;-372,40;-358,80;-372,00;-384,80;-316,00;-350,80;-358,80;-323,60;-376,40;-374,00;-372,80;-354,40;-358,40;-329,20;-376,00;-314,40;-335,60;-347,20;-366,40;-332,00;-338,40;-356,00;-343,20;-366,40;-374,00;-332,80;-310,40;-345,20;-368,40;-342,00;-388,80;-332,80;-358,80;-385,20;-350,80;-350,00;-365,20;-352,40;-380,80;-359,60;-348,80;-349,20;-390,00;-372,80;-366,40;-328,00;-373,60;-359,20;-334,40;-302,00;-350,40;-334,00;-330,80;-328,80;-363,60;-350,80;-339,20;-349,20;-357,20;-345,20;-361,60;-361,20;-348,00;-348,40;-348,00;-376,00;-339,60;-358,40;-385,20;-329,20;-380,40;-322,40;-342,80;-338,00;-316,40;-342,80;-333,60;-342,00;-362,00;-318,40;-363,60;-373,60;-348,80;-326,80;-352,00;-335,20;-345,60;-346,80;
0,83;-356,80;-376,00;-387,60;-346,40;-386,80;-405,20;-387,20;-364,00;-385,60;-358,80;-371,60;-317,20;-335,20;-380,00;-374,40;-374,00;-378,80;-368,00;-322,80;-334,40;-378,40;-410,00;-371,60;-374,40;-359,20;-367,20;-390,00;-355,60;-363,20;-352,00;-355,20;-348,00;-366,80;-356,40;-348,00;-388,00;-379,60;-373,20;-363,20;-384,00;-368,40;-362,80;-372,00;-367,20;-368,40;-366,00;-362,80;-340,40;-362,40;-366,80;-391,60;-349,60;-368,80;-356,80;-369,60;-356,40;-354,80;-346,40;-351,60;-340,40;-391,60;-358,80;-346,00;-362,80;-345,60;-352,40;-351,60;-375,60;-337,60;-358,80;-338,40;-365,20;-358,40;-339,60;-370,00;-352,80;-364,00;-378,80;-348,00;-343,20;-352,40;-373,20;-369,60;-359,60;-346,40;-334,40;-338,40;-354,40;-327,60;-308,80;-360,00;-357,20;-372,00;-322,40;-342,40;-340,80;-347,60;-338,40;-360,40;-350,80;-330,80;-294,00;
0,84;-362,40;-362,00;-354,40;-378,40;-348,80;-390,00;-376,40;-385,60;-371,20;-382,00;-370,40;-383,60;-362,00;-354,40;-365,60;-342,80;-408,40;-344,80;-366,00;-372,40;-395,20;-395,60;-355,20;-355,20;-362,80;-379,20;-369,60;-360,00;-385,20;-352,40;-361,60;-393,60;-361,60;-384,40;-329,20;-355,20;-348,00;-360,00;-353,60;-353,60;-374,00;-395,20;-372,80;-348,00;-354,40;-367,20;-363,20;-327,20;-366,00;-371,60;-359,20;-345,60;-362,40;-333,60;-364,40;-381,20;-342,40;-346,80;-341,20;-375,60;-387,60;-352,80;-392,40;-349,20;-378,00;-343,60;-352,00;-337,20;-364,80;-375,20;-353,20;-346,00;-374,80;-360,40;-386,00;-339,20;-332,00;-345,20;-359,20;-363,20;-350,00;-376,40;-328,00;-370,40;-383,60;-362,80;-350,40;-358,00;-348,40;-372,80;-358,00;-342,80;-379,20;-357,60;-374,00;-350,00;-357,20;-357,60;-336,80;-361,60;-361,20;-362,40;
0,85;-350,80;-395,60;-385,60;-392,80;-360,00;-373,60;-353,60;-341,20;-366,40;-355,60;-363,20;-393,20;-373,20;-374,40;-343,60;-377,60;-357,60;-357,20;-370,80;-386,00;-365,20;-402,40;-370,80;-369,60;-352,40;-364,40;-362,80;-373,60;-374,40;-380,80;-325,20;-336,40;-354,00;-375,60;-370,00;-361,60;-372,80;-356,80;-366,00;-331,20;-350,00;-377,60;-362,00;-406,80;-349,20;-370,80;-330,00;-368,40;-367,20;-379,20;-354,40;-364,00;-360,80;-370,00;-342,00;-369,60;-374,00;-361,20;-357,60;-382,80;-350,80;-364,00;-390,00;-368,80;-367,20;-347,60;-350,40;-364,00;-350,80;-346,40;-341,20;-384,80;-330,40;-355,20;-347,60;-371,60;-364,80;-364,00;-348,80;-347,60;-359,60;-372,40;-349,20;-356,40;-365,60;-364,00;-332,80;-353,60;-362,80;-358,80;-377,20;-356,00;-356,80;-362,40;-380,40;-316,80;-372,40;-364,40;-339,20;-342,00;-326,00;-315,20;
0,86;-401,60;-400,00;-397,20;-365,20;-373,20;-378,00;-406,40;-364,00;-397,60;-413,20;-380,40;-372,80;-427,20;-347,60;-398,00;-346,40;-366,40;-365,60;-384,00;-366,00;-376,00;-365,20;-364,00;-379,60;-370,00;-384,80;-356,40;-414,00;-374,80;-355,20;-370,80;-357,20;-349,60;-399,20;-359,20;-344,40;-390,00;-408,40;-360,80;-401,20;-380,40;-372,00;-384,80;-378,40;-344,00;-371,60;-388,80;-369,20;-375,60;-384,80;-355,20;-352,00;-344,40;-368,40;-343,60;-374,40;-388,00;-382,40;-343,60;-367,20;-348,00;-383,20;-357,20;-336,40;-346,00;-354,40;-348,00;-364,00;-369,20;-362,80;-361,20;-388,00;-332,80;-378,00;-376,00;-376,80;-349,20;-354,80;-370,00;-386,80;-385,60;-364,40;-357,20;-348,80;-354,40;-330,00;-349,60;-362,80;-348,00;-412,40;-350,80;-365,60;-338,80;-332,40;-325,60;-364,80;-340,00;-354,00;-359,60;-358,40;-358,80;-361,20;
0,87;-367,20;-384,80;-395,60;-429,60;-372,80;-410,00;-362,40;-380,40;-414,80;-389,60;-368,40;-340,80;-376,40;-342,40;-394,80;-375,60;-360,00;-365,60;-381,20;-390,40;-366,80;-386,80;-396,80;-379,60;-344,80;-387,60;-383,20;-360,00;-381,60;-370,40;-360,40;-383,60;-351,60;-358,40;-330,40;-372,00;-366,80;-390,40;-370,80;-395,20;-386,40;-394,00;-381,20;-382,00;-368,00;-354,00;-368,00;-348,80;-364,40;-336,00;-388,00;-372,80;-389,60;-350,40;-368,40;-383,60;-352,00;-372,00;-355,60;-368,80;-356,00;-372,40;-372,40;-383,20;-397,60;-386,40;-370,00;-388,40;-357,60;-363,60;-367,60;-360,00;-369,20;-363,20;-376,80;-396,80;-389,20;-314,00;-348,80;-354,00;-383,60;-360,80;-350,80;-351,20;-381,20;-335,60;-325,20;-370,80;-372,40;-366,40;-347,20;-360,00;-363,60;-348,80;-372,00;-370,80;-334,00;-346,00;-384,00;-379,60;-383,20;-364,40;
0,88;-401,20;-395,20;-404,80;-418,80;-398,40;-399,20;-398,00;-398,40;-378,00;-356,80;-371,60;-394,40;-385,20;-395,20;-405,20;-368,40;-382,40;-387,20;-363,60;-402,40;-401,20;-370,00;-380,40;-398,80;-387,60;-343,20;-371,20;-394,40;-383,60;-392,40;-387,60;-386,40;-378,40;-386,80;-370,00;-406,40;-400,40;-398,00;-336,80;-346,00;-388,80;-359,20;-351,20;-369,60;-386,40;-387,60;-365,20;-346,80;-367,60;-386,00;-336,80;-342,00;-382,40;-388,40;-310,40;-382,00;-379,20;-379,20;-370,40;-384,80;-359,60;-380,80;-365,20;-381,60;-372,40;-351,20;-350,80;-349,20;-407,20;-404,80;-350,00;-370,80;-343,20;-371,60;-369,60;-389,20;-284,80;-368,00;-373,20;-324,80;-392,80;-401,60;-353,60;-368,00;-375,20;-363,60;-399,20;-390,80;-394,00;-386,80;-396,40;-375,20;-362,40;-346,00;-359,60;-341,20;-367,20;-355,60;-352,40;-357,20;-349,20;-372,00;
0,89;-428,00;-404,00;-403,20;-414,40;-398,40;-418,00;-408,00;-396,00;-392,00;-428,40;-408,00;-378,00;-390,40;-399,60;-395,20;-422,40;-364,80;-400,00;-428,00;-364,80;-378,80;-396,40;-394,00;-389,20;-393,60;-362,40;-361,60;-365,60;-370,40;-392,00;-412,40;-358,40;-350,80;-368,00;-411,60;-371,60;-392,80;-390,40;-372,80;-359,20;-366,40;-384,40;-390,80;-378,40;-369,20;-434,00;-320,00;-406,00;-406,40;-384,40;-394,40;-360,80;-367,60;-380,00;-368,80;-358,00;-341,60;-387,60;-373,60;-343,20;-383,60;-375,60;-349,20;-356,00;-391,60;-392,00;-395,20;-394,00;-374,00;-383,60;-385,20;-371,20;-368,00;-368,00;-362,00;-390,00;-347,60;-373,60;-377,60;-333,60;-363,60;-392,00;-400,40;-399,60;-355,60;-384,00;-380,80;-340,00;-372,80;-345,20;-396,80;-400,00;-377,60;-334,40;-368,80;-366,00;-373,60;-364,00;-388,00;-389,20;-361,60;-360,80;
0,90;-414,00;-400,80;-388,40;-413,20;-398,00;-381,60;-385,20;-396,40;-388,40;-448,40;-389,20;-364,40;-414,80;-398,00;-405,60;-401,20;-390,40;-426,00;-365,20;-395,20;-376,80;-380,00;-378,00;-351,20;-366,80;-390,80;-412,40;-382,40;-374,80;-360,00;-390,80;-390,00;-372,00;-404,00;-403,20;-392,40;-405,20;-372,40;-402,80;-406,40;-378,00;-390,00;-377,60;-412,40;-392,00;-406,40;-388,40;-374,40;-386,40;-367,20;-410,80;-382,40;-399,60;-358,00;-382,00;-384,40;-395,60;-388,80;-378,80;-400,00;-357,20;-364,80;-368,00;-365,20;-349,20;-382,00;-386,40;-360,40;-406,80;-393,60;-392,40;-363,20;-401,20;-374,80;-422,40;-363,20;-373,60;-370,80;-348,00;-365,20;-392,40;-326,80;-373,20;-378,80;-379,20;-373,20;-380,00;-409,60;-358,00;-365,20;-369,20;-368,40;-334,00;-370,80;-372,00;-340,80;-400,00;-342,00;-400,40;-393,60;-366,80;-340,80;
0,91;-373,20;-387,20;-410,80;-394,00;-386,80;-394,00;-438,80;-383,60;-417,60;-419,60;-376,00;-402,40;-393,20;-385,20;-381,20;-400,40;-411,60;-401,20;-373,60;-412,40;-400,00;-418,00;-380,80;-373,60;-395,20;-390,80;-363,20;-403,20;-372,40;-408,40;-420,40;-382,00;-404,40;-387,20;-389,60;-388,80;-404,80;-387,20;-374,80;-404,00;-388,40;-337,20;-401,60;-340,40;-387,60;-400,40;-373,60;-382,40;-408,80;-387,60;-402,80;-409,20;-388,80;-374,00;-360,80;-386,80;-386,00;-394,00;-392,00;-412,00;-370,80;-402,80;-383,60;-394,80;-372,00;-395,20;-366,00;-360,40;-384,00;-400,80;-423,20;-398,80;-402,00;-389,60;-374,80;-410,80;-374,40;-380,00;-394,40;-353,60;-374,40;-339,20;-381,20;-360,40;-366,40;-394,80;-367,20;-338,00;-378,00;-350,00;-380,00;-402,80;-386,00;-376,40;-380,40;-374,80;-350,40;-360,80;-334,80;-379,20;-399,60;-345,20;
0,92;-418,40;-409,20;-422,00;-402,40;-440,80;-440,80;-428,00;-417,60;-438,40;-401,60;-428,80;-426,40;-372,80;-412,80;-399,60;-422,40;-392,40;-410,40;-382,40;-429,60;-407,60;-411,60;-391,20;-387,20;-392,80;-362,40;-417,60;-394,00;-410,40;-420,00;-376,40;-382,80;-398,40;-385,60;-412,40;-394,80;-376,80;-407,60;-391,20;-373,20;-427,60;-390,00;-404,80;-372,00;-399,60;-393,60;-375,60;-426,00;-385,20;-354,40;-382,00;-386,40;-394,40;-405,60;-356,40;-403,60;-377,20;-425,20;-406,40;-414,00;-380,80;-359,20;-366,40;-436,40;-375,20;-380,80;-390,00;-394,80;-398,40;-401,60;-348,40;-392,40;-385,60;-400,80;-381,60;-380,80;-365,60;-388,80;-358,00;-401,20;-390,00;-418,40;-382,00;-403,20;-386,40;-352,40;-375,20;-400,00;-396,00;-382,40;-358,40;-368,80;-372,00;-378,00;-373,60;-371,60;-351,60;-377,60;-378,00;-374,00;-400,00;-342,00;
0,93;-435,60;-422,40;-450,40;-450,40;-437,60;-410,80;-419,60;-390,80;-417,20;-396,00;-394,80;-453,60;-382,80;-420,40;-408,40;-410,80;-430,40;-439,20;-445,20;-431,20;-386,00;-378,80;-398,80;-369,20;-443,20;-401,20;-402,40;-400,80;-396,40;-384,00;-393,60;-407,20;-406,00;-410,00;-376,80;-405,20;-412,40;-383,60;-419,20;-388,80;-428,00;-421,60;-373,20;-434,40;-391,20;-415,20;-400,80;-394,80;-354,80;-431,60;-404,40;-383,60;-394,80;-416,40;-422,80;-410,00;-404,00;-400,80;-354,40;-408,40;-403,20;-401,20;-402,00;-417,20;-382,80;-398,00;-388,80;-413,60;-369,20;-412,80;-390,40;-384,00;-399,60;-400,40;-409,60;-406,40;-389,60;-401,20;-410,80;-362,80;-393,20;-400,40;-380,40;-360,80;-372,00;-368,00;-378,00;-424,00;-413,60;-363,60;-382,80;-404,40;-383,20;-402,40;-402,80;-378,80;-349,60;-425,60;-356,00;-370,00;-367,20;-392,80;
0,94;-451,60;-396,00;-414,40;-423,20;-423,20;-427,60;-438,40;-406,40;-443,60;-395,60;-435,60;-448,00;-400,00;-421,60;-416,80;-426,00;-432,80;-437,60;-413,60;-441,60;-420,00;-390,40;-447,60;-407,60;-426,80;-416,40;-393,20;-398,80;-421,60;-405,60;-375,20;-424,80;-394,00;-394,40;-419,20;-412,40;-423,20;-416,80;-398,00;-424,80;-404,40;-422,40;-399,20;-423,60;-403,60;-400,40;-408,00;-396,80;-424,80;-411,20;-409,60;-371,60;-398,40;-392,80;-391,60;-394,80;-440,00;-408,00;-400,40;-409,20;-395,20;-415,20;-380,40;-422,00;-393,60;-403,20;-414,80;-390,40;-401,20;-376,80;-402,80;-428,00;-384,00;-362,40;-372,00;-390,00;-384,00;-412,40;-362,80;-406,00;-378,80;-383,20;-403,20;-415,20;-388,80;-366,80;-415,60;-376,40;-398,00;-406,80;-395,20;-400,80;-366,40;-413,20;-398,00;-378,00;-335,60;-388,80;-404,40;-364,00;-404,40;-360,80;
0,95;-475,60;-439,60;-376,40;-450,40;-442,00;-428,80;-412,80;-443,60;-415,60;-409,60;-395,20;-388,40;-458,00;-383,20;-435,20;-405,20;-426,40;-412,80;-454,80;-397,60;-368,00;-416,80;-446,80;-429,60;-445,60;-440,00;-437,20;-435,20;-420,00;-448,40;-427,20;-408,80;-396,40;-420,40;-363,20;-439,20;-383,60;-414,40;-409,60;-402,40;-387,60;-422,00;-388,40;-412,40;-395,20;-419,20;-412,80;-397,60;-398,80;-393,20;-389,20;-415,60;-397,20;-404,00;-393,60;-374,00;-387,60;-401,60;-394,00;-412,40;-391,20;-413,20;-378,00;-387,60;-418,80;-410,80;-395,20;-405,20;-435,60;-419,20;-423,60;-419,20;-419,60;-388,80;-421,20;-411,60;-408,40;-356,40;-385,60;-386,80;-410,80;-421,20;-409,60;-388,00;-433,60;-402,40;-370,40;-421,60;-403,20;-388,80;-361,20;-401,60;-409,20;-381,60;-383,60;-392,40;-393,20;-390,40;-369,60;-370,00;-362,80;-377,60;
0,96;-420,00;-438,40;-454,00;-440,00;-486,00;-421,20;-376,80;-421,60;-470,40;-438,00;-475,20;-408,40;-439,20;-431,20;-383,60;-453,20;-435,20;-435,60;-438,00;-444,40;-440,80;-422,00;-462,00;-421,60;-384,40;-402,00;-426,80;-465,60;-445,20;-405,20;-405,60;-406,00;-421,60;-424,40;-425,60;-421,60;-433,20;-418,80;-449,60;-409,60;-468,00;-401,20;-431,60;-421,60;-432,00;-422,40;-449,20;-410,80;-406,80;-436,00;-415,20;-416,40;-390,00;-421,20;-408,80;-427,60;-421,60;-441,20;-408,80;-397,60;-414,80;-418,40;-421,60;-426,80;-417,60;-409,20;-421,20;-386,40;-404,00;-390,40;-420,40;-406,80;-424,40;-390,40;-424,00;-412,40;-428,80;-392,00;-401,20;-396,00;-418,40;-373,20;-422,00;-425,20;-424,00;-406,40;-386,00;-388,80;-418,00;-424,00;-399,60;-418,00;-401,60;-395,60;-394,00;-397,20;-406,40;-382,40;-405,60;-414,80;-421,60;-396,40;
0,97;-409,60;-448,40;-472,00;-476,00;-479,60;-427,60;-433,60;-488,00;-436,40;-446,00;-418,40;-430,80;-460,00;-427,60;-456,80;-474,00;-440,00;-430,80;-414,40;-464,80;-435,60;-363,20;-460,80;-456,80;-451,20;-404,80;-452,00;-432,40;-412,40;-455,20;-404,40;-432,80;-417,60;-441,60;-427,60;-405,60;-410,00;-431,20;-412,80;-416,00;-419,20;-443,60;-428,00;-409,20;-422,00;-407,60;-418,00;-439,20;-428,40;-382,00;-400,80;-397,20;-436,00;-400,40;-410,00;-456,00;-358,80;-441,60;-448,80;-408,80;-394,00;-423,20;-421,20;-428,00;-414,80;-459,20;-426,00;-420,00;-409,20;-411,60;-418,40;-428,40;-403,60;-434,40;-439,20;-394,00;-402,40;-399,60;-400,80;-396,40;-408,40;-434,80;-438,40;-382,80;-398,40;-388,80;-414,80;-405,60;-409,60;-420,80;-433,60;-394,80;-427,60;-425,60;-398,80;-430,80;-426,80;-420,40;-391,60;-420,00;-406,80;-422,40;
0,98;-480,80;-509,60;-436,00;-433,60;-467,60;-417,20;-423,20;-460,40;-441,60;-438,40;-440,00;-460,80;-470,80;-442,00;-377,60;-472,00;-414,00;-476,80;-455,60;-432,40;-469,20;-401,20;-441,60;-384,00;-497,60;-456,40;-425,60;-469,60;-428,80;-430,00;-464,80;-432,80;-446,80;-450,40;-466,80;-489,20;-456,80;-390,00;-468,40;-440,80;-448,80;-404,80;-410,80;-432,40;-425,60;-422,40;-430,40;-407,60;-394,40;-468,40;-430,00;-461,20;-460,40;-441,20;-407,60;-442,00;-455,60;-420,80;-435,20;-430,40;-400,00;-441,60;-444,40;-394,00;-435,60;-460,40;-443,60;-433,60;-427,60;-420,00;-426,80;-446,00;-415,60;-444,80;-431,20;-410,80;-356,80;-410,80;-424,40;-387,60;-446,00;-442,80;-420,80;-465,60;-393,60;-393,60;-418,40;-436,80;-409,60;-390,40;-413,60;-433,20;-382,80;-406,40;-409,20;-412,00;-435,20;-390,40;-434,80;-394,80;-427,20;-422,40;
0,99;-468,00;-464,00;-488,80;-514,80;-472,00;-450,00;-483,60;-496,40;-464,00;-474,40;-478,00;-404,80;-452,00;-406,40;-492,40;-440,40;-406,00;-406,00;-436,40;-466,40;-434,00;-438,80;-468,00;-425,20;-411,20;-444,40;-415,60;-466,40;-454,00;-441,20;-454,00;-407,20;-398,40;-423,60;-440,80;-364,00;-439,60;-394,80;-462,80;-376,40;-430,80;-453,60;-442,80;-462,00;-455,60;-456,40;-433,20;-422,80;-469,20;-397,60;-401,60;-452,40;-444,40;-448,80;-472,40;-399,60;-433,60;-443,60;-419,60;-394,40;-444,00;-454,80;-433,60;-431,20;-441,60;-414,00;-474,40;-409,20;-452,80;-432,00;-438,00;-440,80;-417,20;-414,40;-446,00;-410,40;-416,00;-372,80;-434,40;-452,80;-466,40;-470,00;-427,20;-413,60;-444,40;-444,80;-433,20;-426,80;-450,40;-456,40;-411,20;-378,80;-380,40;-392,40;-441,20;-398,80;-432,00;-407,60;-444,00;-395,20;-396,00;-436,40;
1,00;-415,20;-468,40;-495,60;-489,60;-423,60;-447,20;-479,60;-463,60;-478,80;-442,80;-485,20;-447,20;-472,40;-513,60;-487,60;-466,80;-460,40;-432,00;-432,80;-450,40;-449,20;-441,20;-448,40;-490,80;-474,40;-468,80;-423,20;-476,40;-446,80;-421,20;-433,20;-422,80;-493,60;-432,00;-478,00;-442,80;-392,80;-408,80;-474,40;-474,00;-440,40;-422,40;-434,00;-464,80;-454,80;-463,60;-470,80;-451,60;-475,60;-462,80;-422,40;-458,40;-426,80;-452,80;-457,20;-440,40;-454,80;-456,80;-492,00;-448,80;-456,80;-440,00;-433,60;-453,20;-470,80;-460,80;-460,40;-445,20;-464,40;-455,20;-486,80;-436,80;-452,80;-392,00;-432,00;-454,80;-469,60;-398,40;-451,60;-458,80;-448,00;-460,80;-417,60;-457,60;-442,00;-451,60;-411,60;-420,80;-431,20;-363,20;-449,20;-477,60;-429,20;-464,80;-405,60;-426,00;-430,40;-422,80;-452,40;-464,40;-432,00;-485,60;
